-9.330601,-3.400716,3.812714,-1.550266,-5.874697,-4.997431,2.731171,7.272448,-3.966887,-9.501521,-2.700146,5.307619,-3.642795,-7.285432,-7.865095,5.213431,-8.366554,1.019124,1.293038,4.865410,9.635202,-5.623004,-0.912082,0.373081,1.476835,1.104621,4.570925,2.577478,5.922564,1.674316,-4.504671,6.591961,8.273600,9.308043,-4.958305,-7.601097,-5.689388,7.772865,9.671350,0.343724,8.271345,-3.028795,-4.348656,-5.371450,-0.314227,-2.213750,9.841980,1.319219,8.805374,1.135019,-3.815372,8.440577,5.512014,5.272547,-1.186343,-3.011151,-3.622832,-6.615418,9.566328,-7.700270,5.058899,-4.938343,8.891693,3.332500,-5.630301,-6.066613,5.731402,-1.319689,-8.293747,5.402754,9.024036,9.977596,-7.626042,-5.324620,-5.393853,2.059731,2.461629,-5.551872,-6.621050,1.267003,5.583147,-0.436421,-0.292420,1.095161,-5.163874,8.521236,8.084011,1.213293,-8.094182,7.650339,3.513023,6.964718,-7.288004,2.404716,0.297216,-2.918304,6.338104,-3.971382,5.762007,8.044355
-8.568629,4.786043,8.021954,-6.194671,9.461424,-7.371899,5.865060,1.923054,-2.923771,9.244011,-6.809944,-7.340624,-1.192411,2.897635,3.754539,3.643714,1.418872,1.838550,-5.142992,3.324690,-0.511112,8.370033,0.289407,2.200884,0.774748,-9.413378,9.282579,-2.887148,-3.384760,5.044586,-4.842792,-1.953389,-0.169370,-6.820837,1.851940,-0.707946,-4.192737,-2.282999,-8.784893,2.883492,-3.038989,-5.594836,5.542869,5.768600,7.302799,-0.702593,-0.587687,-1.278330,-8.864044,4.269321,-7.953639,0.624844,2.639353,2.335768,-7.174273,-6.585898,2.922390,-7.891692,0.526954,9.537630,7.152895,5.684162,-2.415759,-3.016474,8.863325,9.436182,6.275579,-5.329412,-2.846818,7.490688,7.554081,4.114193,-8.104149,3.096951,-0.117208,9.198648,-7.605643,9.295105,-2.079680,-6.469688,3.564426,-0.033319,4.155155,-3.796219,-7.697552,6.980885,-0.382117,5.224838,9.089191,-9.855164,4.762468,6.242086,5.828999,-7.653290,-6.774388,4.692324,-8.217108,9.501192,9.362911,-1.063927
6.991879,6.916992,-6.949733,8.887728,0.013942,2.933059,8.086378,2.408298,2.228165,-3.993301,5.938611,-4.207408,5.973379,0.093766,1.996373,8.275829,-2.925350,-8.385745,3.500667,-3.836159,-8.240909,-1.736864,-7.594072,7.588089,0.609846,-4.368461,2.280413,2.392738,-4.867270,1.643324,-8.671188,-7.875391,-1.439684,-5.620922,-8.987662,8.574259,7.312138,9.098717,0.982556,-0.459698,-4.894586,-3.078833,5.332894,-8.921206,7.014935,-2.670733,9.354622,-5.910416,-1.056479,2.855289,0.253426,0.702612,-8.881576,2.659353,-1.709298,1.728270,8.290892,-9.428885,-5.878993,-6.576378,2.214437,-4.550181,-4.451769,-9.225245,-0.171103,-3.439432,9.349012,-2.858965,-4.340716,0.331570,6.681337,0.764699,7.252737,2.014232,1.843493,4.267672,9.343498,1.198114,8.357256,-1.712981,-5.946597,-1.389318,8.989632,-4.828172,-8.729965,-2.719667,6.900099,9.560926,-2.148552,-8.978894,-7.015451,-9.934114,-3.529075,-1.467220,-9.159360,6.299822,5.093348,-9.810348,-6.559143,-9.247368
0.521222,-9.877806,1.517332,-2.226040,2.136426,-6.639176,-7.958369,1.479923,4.558937,-9.601113,9.766943,8.612343,-0.990433,8.756575,-6.215831,0.279602,-3.963093,-9.315733,-0.159472,3.888354,-8.294626,2.825077,3.954240,-1.823702,-8.642143,4.794880,-5.523879,6.451204,4.984532,-2.083022,7.203836,-4.494245,-1.960827,-1.278831,3.279715,-9.824402,2.081991,5.321345,1.655521,-3.359070,5.720232,1.422463,-4.746729,-5.270201,0.179038,-0.962560,5.009401,6.215946,-0.278293,-5.150071,0.104300,1.427080,7.675005,-5.941460,9.603378,9.032862,8.853420,-5.920500,5.484066,3.837953,1.996478,2.687903,9.343708,-9.964349,-8.590928,2.623423,-9.788751,3.491063,-2.055233,1.866771,-9.868007,-6.335001,-6.710764,-4.614736,-1.605202,3.468274,4.422704,-6.595801,-0.315782,-5.855588,-1.745872,9.788519,5.571493,-4.070868,-6.152941,5.174873,-5.038005,-7.299520,9.254374,-9.553939,6.538433,1.250851,3.133965,5.882140,1.286502,4.543036,-1.494437,1.497751,-1.965900,6.450331
-6.635477,-1.833907,-9.884670,-3.346242,3.551357,-1.489872,-9.877968,-2.025939,1.914326,-0.193749,2.118474,-9.831547,-0.405231,-2.310033,-3.902414,3.441829,-7.135160,1.059581,6.142307,-7.880787,1.505642,2.680740,3.370064,-5.360393,-1.437119,-5.343434,9.182644,7.068443,6.154318,-2.783257,3.518774,9.518841,5.382835,3.634105,-3.827401,-1.065806,-7.855768,-3.705369,6.908255,4.058559,6.100882,-0.973271,4.227013,-4.304348,6.716696,-9.675402,9.137480,9.581535,1.384180,5.279788,-8.299252,-7.110178,-2.039473,5.070811,-2.470572,6.523407,9.727379,-3.287928,3.591852,5.881696,3.928816,-2.889373,5.400536,-0.688348,-9.255269,-8.426865,8.245846,-7.111037,-2.132234,5.154099,6.947521,-6.031351,-5.819172,1.174534,-0.335700,-9.102477,1.499132,-1.198219,-9.520941,-7.116689,-5.918432,-7.820193,-4.226867,2.042095,7.250618,3.302563,-1.434497,6.977997,-9.985366,-7.842645,2.859693,3.943451,-0.732018,-1.739771,-6.744898,0.012713,-0.166636,-8.499053,2.901677,7.701130
6.655046,-0.150803,-8.330221,-9.164125,-8.976268,1.334078,-8.266602,2.522864,-9.864141,-7.787543,5.406176,-5.782573,-5.607736,-8.820691,6.259521,-8.357118,4.481870,-5.174974,8.620880,4.496504,-3.017619,1.480572,-1.560045,6.250364,9.740801,1.695056,-3.736923,-0.425836,3.196003,9.164753,-2.724705,-0.148950,-0.986050,-1.054927,0.686926,0.037683,-9.720848,2.420322,-7.439453,-9.584990,4.632780,7.966722,-5.367562,9.025043,9.146030,-9.108041,-9.332073,3.627901,-4.283014,9.288805,-1.875594,2.699367,0.769378,6.564362,-1.050270,0.510179,-1.740583,5.212807,-9.915657,-8.544580,4.377560,-2.640362,1.306471,-6.608489,6.304710,-8.006603,3.429193,6.583862,4.413720,5.989741,6.998875,-0.953501,3.956463,-8.368690,-1.928456,3.102494,-7.476730,-1.260530,-3.269604,-1.759745,-1.971724,4.854802,-9.060378,8.797655,1.419163,-0.110647,-0.692166,9.678579,-4.897841,-0.607823,-8.866000,9.479717,6.751814,2.440471,-7.128770,3.056525,4.433867,6.300423,-0.359612,-1.152412
2.290164,-3.360739,7.894087,-3.753372,-1.729428,-4.034369,9.349121,0.793842,4.705101,-3.920482,9.034098,-7.266623,-9.065680,9.973719,-8.468967,2.353482,-0.136928,0.838865,2.032062,4.965230,-9.768958,3.166060,4.444950,6.982857,-4.393468,7.316179,0.039381,-9.959601,3.616602,9.679770,-1.112014,-4.093233,-3.680970,-3.217927,2.153395,4.589602,2.747704,1.502516,-4.616556,-2.547195,7.582035,-5.582458,0.186182,8.516354,-5.608739,1.717214,0.869837,4.254333,-7.443921,-7.098102,-0.780437,-7.212879,6.067959,-6.335487,9.769978,-8.325509,-9.019308,-0.190641,-8.285110,4.597294,-0.510872,0.602876,-9.495939,5.808158,7.384949,2.657455,0.397759,0.132651,-5.840029,5.781203,7.585457,-8.257995,-9.801255,-2.228362,-9.741640,-5.409995,9.488852,1.128197,8.844339,-7.955069,4.030095,-1.936098,-5.167948,0.098055,1.728415,-5.397970,1.772545,2.709106,4.411388,3.487434,-2.693600,-6.099483,-5.909690,-2.189539,9.708673,-8.524742,-9.532084,0.106434,1.607910,-5.372113
-4.112363,-0.806634,-3.630107,-3.913619,6.965004,-3.371747,0.676386,6.453856,7.756451,-0.479276,8.498787,1.786545,7.584627,-6.669161,-8.115401,-0.686959,-2.067132,3.657143,-7.977853,-7.655743,-2.855422,-0.671453,-3.755226,1.234886,7.139008,-4.046552,2.710146,7.606924,6.059881,-5.681945,-7.765189,-8.052482,3.511421,-1.395296,-1.966101,0.476426,5.232958,8.710287,-3.069718,2.989407,-1.768989,-4.570932,-5.224048,-4.184363,-1.240093,-3.339450,5.128678,6.692776,-9.682306,7.150824,9.037033,-2.537728,-3.520628,-4.718194,8.697159,-6.381620,1.235254,1.407304,-8.774696,-2.704864,5.725359,-6.539885,-0.757345,-0.763220,2.064819,7.276554,9.713207,-2.702224,5.986839,-3.356512,-9.712816,-5.782149,2.072556,-4.936865,0.033488,-9.167538,1.723685,-4.837834,7.525238,2.041379,-7.687010,6.562271,9.503651,-1.207638,-8.155923,8.200809,2.410742,3.079332,-0.391887,3.636046,-9.625532,-4.666528,7.096161,-0.382878,4.570253,-0.839019,-3.106324,4.283459,6.458757,-7.119484
-9.073053,6.745941,-2.901633,2.999502,-8.190924,7.131855,3.831966,3.532762,-7.705980,1.357203,-4.425859,-5.392990,-2.080526,-4.922208,3.399372,-0.236448,-6.721398,-4.189885,-7.157117,2.886715,9.446161,-6.782650,8.220188,6.542322,2.834473,2.790441,-4.296696,9.728148,-2.926101,-7.837939,-7.391336,-1.999154,8.908003,-0.292970,-8.999652,-9.282922,-3.161115,4.832314,4.249840,-0.867094,-3.810483,9.823982,3.739916,4.108992,-5.098227,-2.860712,-6.127457,-1.819625,2.949402,-3.284574,-8.932910,2.395563,-0.067223,9.287277,-1.062115,-7.232750,2.077717,4.641190,-7.504602,9.151615,6.803249,-4.895938,-2.847538,5.711252,4.811092,-1.847190,6.428331,-8.350022,-7.014876,0.678171,0.782883,-0.825359,0.502152,-5.477201,-6.716367,5.403927,1.662087,-2.843824,-6.415698,-5.388510,3.871603,-5.348608,7.007053,-6.195621,-6.061331,-4.055060,-3.428370,6.016386,-9.413871,-0.932973,5.168000,7.389380,4.171089,-7.679538,3.100633,-1.017818,0.473271,-0.471036,0.632160,3.458395
-9.792865,-8.584956,-7.366964,0.709288,-4.062157,-4.083331,-3.886785,7.599930,3.072845,-0.302484,-7.788579,-3.055552,4.348908,9.218475,0.748827,8.287579,-4.836585,7.320457,4.303962,-4.250455,-3.612516,-0.528037,-6.861076,-9.441427,1.792425,6.239557,-0.459246,-7.734303,-4.231479,-9.827085,5.724092,-4.024343,-8.412042,8.357128,6.684944,-2.474199,-5.726202,-7.201840,-4.874269,7.346642,2.495676,-2.662848,-5.708910,-3.155415,-3.444372,5.039917,-4.867837,1.719042,2.360373,9.436125,7.468588,8.747858,-1.091911,-9.392489,9.306431,-9.299486,6.847069,-1.152815,-7.033790,-7.384411,-0.979899,8.690304,-1.408754,0.608058,7.047432,-4.723809,8.133858,-8.678770,-1.925650,-6.740410,8.667871,-9.429973,0.596743,-7.041038,-2.585388,7.152370,7.998880,2.546774,-1.128588,0.359254,1.982899,-3.660001,-0.892889,-9.109013,-3.052490,-1.586458,-8.408500,-6.205421,7.260727,-5.442289,-3.589832,-3.719172,-6.751986,5.001413,6.888885,-9.704554,-9.722396,5.022744,-8.383325,-1.648046
8.282335,-9.715452,-1.078018,-1.120922,-6.756490,6.336594,-3.968553,-8.757610,-1.116632,4.902860,1.601644,-9.133732,-8.757140,-9.291245,-8.242745,-1.809630,-0.877704,-6.651245,1.984948,-3.616976,-2.093534,8.395115,2.663852,1.154480,3.396529,-0.447263,1.449927,3.674133,-5.424519,3.066603,-7.973912,-7.142184,3.351151,0.948069,1.736894,6.594660,-2.715337,7.768341,7.837051,6.168032,2.671203,-0.561306,7.034300,3.914062,0.147449,8.791553,-7.895569,9.269745,-7.859690,4.089379,-4.347230,0.046777,2.484494,8.316622,-8.798743,-4.118977,-2.130641,2.651184,9.555157,2.444840,-4.282214,-8.418756,5.302657,9.068935,2.529314,-2.960450,5.663596,9.813978,-5.192108,3.500648,5.982009,7.479094,-7.060658,3.016309,1.393155,3.086790,1.807862,3.497586,2.356537,3.948173,-2.413035,8.009306,-6.005051,-9.928541,6.325928,-4.803795,-4.047518,-5.804714,7.847389,-4.492362,6.640127,-6.434825,-2.911118,1.942782,-7.365890,9.618195,8.982332,8.297709,9.432173,-6.209775
1.798354,5.414182,-8.730682,4.737697,-1.569510,2.662473,-2.175513,-9.761647,-3.839941,-9.818977,4.186526,3.747025,8.190329,8.181475,3.818483,4.516256,-6.622319,9.770966,8.711542,-8.774930,-4.721396,5.351668,-5.209755,2.367486,-2.705550,-2.575645,1.985682,-3.723217,-4.277937,1.417854,0.067007,7.520418,-3.167964,1.336327,2.258114,5.262527,-6.001201,-9.917399,5.500879,0.158858,-9.736377,-0.312594,-6.094117,8.453953,-2.131120,7.724365,2.970208,1.246561,7.495331,1.681749,2.471630,-7.226065,-2.966582,7.261875,5.141421,4.327868,-5.313770,-2.872897,-9.395349,0.408293,8.544956,0.671659,-2.071290,-4.623008,-7.992014,-9.813175,-9.360482,-3.993215,-9.730575,6.140398,6.165644,-9.466951,-4.172197,-9.928473,8.987000,3.696682,7.795893,1.957208,-5.056756,5.291224,-6.361042,7.414875,8.065159,0.672375,4.676750,3.206581,-4.999757,9.362980,-9.666317,-4.395105,-0.228727,8.878639,6.276554,7.699984,-5.744368,8.284540,7.886808,-5.104850,-5.708674,8.156233
-8.964453,-9.543031,8.689281,-3.136650,-9.471504,7.676281,-9.439967,8.324389,-0.366510,-4.496723,3.615613,3.272447,-7.081849,1.680773,-6.055179,7.594900,-5.112648,-1.054935,6.957880,-4.778965,4.549960,-3.270847,-5.900325,0.826513,-5.570864,-1.644692,-0.888946,-7.684057,3.250458,3.402380,-9.527824,4.286005,3.859349,9.161457,-8.850644,4.387846,6.837738,-8.290611,2.712234,-3.528774,-2.787335,-3.672153,9.743673,0.130816,8.008617,-6.311505,-2.274284,-7.104029,2.633560,-5.316403,-1.882994,-2.816481,1.412749,2.216681,8.010033,5.841885,-9.428011,-2.878913,8.157827,3.822447,-9.476533,8.630003,-1.891548,4.382816,7.791460,-0.742192,-1.229338,4.629197,0.967196,-8.517104,-8.899577,8.179861,-2.189257,-9.155904,-1.689322,-4.180639,-5.467409,6.036394,-1.284668,7.166149,-9.280010,6.832338,-5.650331,2.132739,-0.950980,-7.640298,-2.025376,-0.378991,-0.519211,-3.867549,-6.556545,0.004255,-5.237545,1.551907,-5.612927,-7.446086,-9.190285,3.157735,7.183111,1.776911
4.640631,8.283533,-0.043228,-7.548627,9.127630,8.267448,-1.729265,-6.339780,4.303843,6.986067,-9.173630,5.023833,3.818405,-4.823961,-2.843428,-7.132575,-2.464259,5.131196,2.488433,7.016529,-8.736353,5.931888,-2.979214,-3.973898,-2.516205,1.407860,-1.419985,-1.706490,-5.434407,-4.236875,-9.929579,9.206223,-5.953341,0.027193,-8.342403,-6.825711,-1.705358,-0.071670,-3.165491,-7.401514,-3.085603,-2.339121,7.622320,-9.267198,2.836918,-5.221109,-6.399772,-9.627341,9.910086,6.088661,7.389189,-8.826265,2.020550,-5.590025,-2.800164,9.504345,5.817834,5.779852,-2.202146,-9.616573,-8.457023,-2.131724,9.589651,-4.410364,7.895468,-8.752753,-1.236075,-3.809888,1.175577,5.598433,-1.211403,8.089975,-6.740688,-3.589084,8.822779,6.096230,1.189808,-7.576994,6.468889,1.099894,8.511667,3.858078,2.273628,0.532216,8.268053,9.473465,0.036560,4.085885,5.253316,7.834415,4.469313,6.796293,-4.297309,4.058963,-7.614071,-6.401841,5.306211,1.149854,-0.211729,-3.518212
-3.251713,8.576868,-5.428237,0.007599,-5.012215,-6.605459,-3.896172,6.177593,-4.182454,-7.427283,-2.722513,-5.670787,6.430794,9.551115,4.861429,4.698847,9.024580,-5.102010,-1.215268,4.277897,-7.267595,-6.745955,1.074189,-1.564905,7.313007,3.460119,2.033254,2.619218,-5.390028,-8.178474,9.101006,1.358260,-9.601606,-6.327231,-8.634142,-4.613822,-2.932691,-2.530313,-8.436229,2.884856,0.042404,-1.158742,7.214069,-3.526803,-1.607627,2.075499,-8.827956,-2.583046,6.973488,-0.043224,-8.305150,9.705893,3.210820,2.769039,-1.859012,0.523829,-3.770842,-9.825757,-6.856954,0.839130,-8.004232,-7.755949,-7.802610,-7.605839,-4.083180,-6.436752,-2.219660,2.984129,1.032935,-0.655889,-4.131014,-8.924662,8.185369,-6.916945,-2.451464,-3.422258,5.158553,-1.279420,3.994695,2.132042,8.677355,5.689545,1.837934,1.888175,-1.541415,9.978922,-7.587997,4.687742,-9.846835,-4.444951,-4.473127,-7.851067,-2.200899,-2.275737,-5.456905,3.715920,1.287512,2.323435,-3.299950,-7.679554
-8.332455,2.569036,-6.604215,9.852915,5.652090,0.944321,-3.569344,0.810643,9.664900,-9.574649,-7.057315,8.342255,6.114897,4.780619,0.230431,-5.426519,4.759542,2.642433,9.261223,4.912706,8.197483,-5.211904,7.061640,-4.003417,2.512360,-8.395266,9.712503,-6.200130,3.928169,-3.587446,-3.879683,5.595715,8.981590,-0.483898,5.448629,4.633680,-9.539577,-8.120714,-4.555676,-9.874677,-7.695363,-1.612992,8.467579,8.419535,-6.832373,-1.301991,-7.006986,7.927168,-8.659557,-7.745762,2.839875,9.537926,-2.957666,-0.098485,-4.465491,9.554693,1.506250,-4.752987,-6.645436,-4.565580,1.659567,-0.525120,-8.969866,0.641157,8.990982,6.478764,-4.725163,9.451405,8.358049,0.719161,9.576727,-9.337314,9.106169,8.044306,9.082220,-7.726204,-3.257685,-7.924766,-9.799036,-1.917243,-5.670528,3.040839,-2.379318,1.371805,-7.057645,3.155191,0.926499,4.448605,8.402203,4.281063,9.883024,0.061770,-6.244057,-9.086841,-9.297071,-7.253075,7.391924,-4.022235,-7.801670,5.749971
6.696926,-8.224943,6.412659,5.803095,9.819363,5.494879,8.076891,-3.438323,7.570112,8.277855,4.644434,-8.100415,1.318694,-7.734883,3.271390,4.261049,5.420308,-5.802110,-1.290346,3.822512,8.478954,-1.407320,-6.115717,-7.765103,-0.494162,-5.412789,-5.018178,-3.102238,0.564976,-2.819848,-7.352266,-2.738097,-1.044790,9.060392,-6.935002,-1.225428,4.555271,-8.858111,5.336250,2.125383,9.419743,-0.019316,4.024968,0.738438,2.245802,-2.703642,-5.000513,-2.333890,1.494247,3.709141,-8.511378,-0.026798,-7.698179,-4.627096,2.208098,1.807659,-0.039886,7.189920,8.705421,-9.474909,-5.629927,-8.646845,-2.213006,3.325282,-9.586452,0.851992,-7.900146,4.968819,1.993879,7.436106,-2.905798,1.413622,-2.583211,-8.880831,-7.847940,9.662590,-1.584473,-2.848454,-2.671300,9.909775,-9.139312,-1.182679,-0.117023,-6.837492,4.190226,-7.908925,4.970168,-5.849660,9.280996,3.675589,-5.324569,-6.348930,5.028743,2.462424,6.976353,5.442290,-6.685585,9.076206,0.411109,5.308294
6.512310,7.505310,-3.278083,-6.070900,8.624479,-1.126023,-6.408310,-2.959995,6.025522,0.920390,-3.050219,6.886211,9.737711,6.832758,-9.951281,3.927937,8.923834,5.018888,8.078276,8.204830,-1.305524,-7.246293,-8.144101,-6.276781,5.216131,8.832251,9.165510,8.530544,7.908457,-0.423382,3.838840,4.420768,-2.918072,-9.439243,8.349869,-4.293594,-0.565268,-8.058442,2.746411,-4.539743,2.861948,9.696194,-7.653533,2.599660,6.528952,-7.604813,-3.472404,5.452785,7.414076,-5.394127,3.657614,-3.891449,-2.640420,5.513514,-0.168230,-7.424290,4.345764,-1.002721,-8.893744,2.254221,8.573896,4.945096,-3.325010,-4.344176,5.505853,-4.975142,1.362229,-5.059414,-3.033584,-5.891358,0.400843,9.828365,-6.195166,2.747309,2.428024,-9.666216,5.142497,8.955620,5.786568,2.556571,-6.438507,-0.555819,8.665121,0.921073,-5.042305,-1.503109,3.496782,9.303459,7.494171,4.603039,1.557682,6.068068,-0.451864,8.232672,-8.276109,-4.946012,-6.742471,3.086121,-0.005426,0.223946
7.194763,-9.604585,0.052310,-9.000403,3.142725,-7.519666,-8.666618,-1.714779,-8.564046,7.119949,-9.158207,-5.002553,-3.435868,9.506914,5.918520,1.521827,-1.996194,-0.584697,0.825286,-4.502024,-5.981658,-7.617033,-8.433956,3.566477,-9.384361,-6.710065,8.620466,-6.126833,6.376057,-1.384960,4.097113,3.570820,-0.989545,-5.850578,4.570416,-7.846820,-3.370244,5.903798,0.438402,-1.934290,3.023747,1.280194,3.063158,9.587879,0.787109,-1.018323,1.109706,8.790916,8.396980,-8.065007,-5.711108,-7.584679,-5.682040,-4.145064,5.981798,-5.066401,-0.855129,4.602264,-1.193234,-4.479072,-6.782696,-7.096122,9.091747,2.227759,-2.946700,3.662165,4.380939,3.683057,-0.434038,-5.180659,-8.251233,-7.410290,6.099535,4.811924,-7.822411,-3.113355,-6.206399,3.287295,-4.322439,-7.809420,5.222288,-0.033546,-5.394098,9.540249,5.821389,-9.412299,-5.526153,-5.033740,5.189964,3.280612,0.487188,8.407269,6.184490,-0.421064,0.635028,-6.762209,-6.758901,-4.984033,6.920849,2.807062
-0.164692,8.669615,5.396771,-4.065156,3.481539,7.574360,2.821488,7.275139,0.861655,8.499050,9.465719,-3.916056,-1.534497,-5.928379,-4.375808,-5.713108,-5.340678,0.098039,-0.746848,9.849285,-6.621348,9.740341,8.256554,9.563143,-0.680724,-1.108417,-7.199066,2.560375,3.907549,9.721783,-4.632564,-6.257142,8.391396,-9.235793,-0.322298,1.872934,8.338568,-7.500810,-0.851926,-0.799778,-9.001760,-1.386207,5.284166,-0.536257,2.685414,-9.091640,3.750635,7.344736,1.006398,-6.996212,7.194021,4.385051,-7.255873,5.450578,3.948194,2.063403,-5.657840,6.749128,-5.376222,8.249710,6.470911,-0.008786,-8.007432,4.862307,0.755421,1.670269,-3.264759,-0.906012,4.169459,5.883314,8.294210,5.167700,-5.502892,3.578378,-5.368557,7.182522,4.486737,8.382076,4.527258,-4.506865,-8.614135,1.721281,9.878185,-5.870008,-2.828142,3.826380,6.193396,1.514017,0.575508,-9.182827,-0.236272,-2.953582,0.808387,1.756295,-8.091275,-8.436193,-6.573435,-1.356033,0.657796,7.596024
-5.472719,-1.047994,2.763724,-0.975611,-7.469616,7.395166,-3.793088,7.017120,5.777245,-9.265830,-7.489744,7.163109,2.455450,-7.611558,-8.706899,9.627308,6.214821,7.486498,1.141327,-3.209670,8.303669,-9.094946,3.836748,-0.887943,2.661348,5.745473,0.675864,6.087914,-5.610560,-8.666340,3.683938,-1.083280,0.285666,-3.552338,7.941111,2.816050,-6.157171,-5.851978,-0.166829,9.620073,-5.117808,2.343427,6.783182,7.337643,4.731869,8.076284,6.964951,0.946692,5.562781,-1.893723,7.737020,3.866451,-0.988670,1.573769,-7.021492,-8.327321,-2.680758,3.654371,7.760593,1.708681,4.988031,1.444530,-9.374598,-4.726301,7.892193,8.566513,8.089748,-8.264977,-7.285465,-2.077081,-8.644905,-2.403273,-9.733654,8.138277,-5.065630,4.998216,6.214561,-8.100679,-4.055094,1.777343,0.005597,-6.318073,-4.356207,9.016926,5.255695,-1.377699,-9.310394,-7.425062,-7.723328,8.450199,4.283620,7.264706,-0.105270,4.909023,-7.461597,-2.213077,3.475536,-9.371849,-0.478055,6.190071
-1.448929,0.877041,-6.213202,-1.182583,-0.984681,-1.278831,-6.184368,-4.770120,0.620489,-0.239462,7.007221,-9.373914,3.442465,-7.348984,9.643013,-1.301840,1.273316,-9.667381,1.273098,3.549990,8.782818,-4.443282,0.814693,-1.322453,-9.534260,3.353096,6.464470,3.941277,3.981247,-4.013584,0.131348,-7.467682,6.863457,3.918146,1.349735,-4.121225,-7.360686,5.165368,1.108656,3.259803,-5.074094,-1.884122,3.885889,8.368370,0.766893,3.528902,-2.933469,-7.959790,3.861522,8.339630,5.590199,2.644339,-6.103653,-3.595107,-8.678114,-5.637912,9.757988,7.786358,8.303364,3.739235,-6.227226,-1.565289,6.271555,-9.363770,-7.647144,-2.378711,-3.484995,-5.007829,-7.213343,7.623661,8.251974,-2.287436,-4.260461,2.137863,-3.919065,6.506432,-4.333234,3.147465,8.546642,9.528288,1.487095,4.136843,2.172626,5.383443,-9.458265,3.494513,9.745529,-9.700276,1.280869,8.048893,4.038960,5.053643,-3.516396,0.310514,5.689874,-1.163539,7.931803,-7.795121,3.828630,-9.281540
9.828539,2.080605,-1.568976,-4.431922,-5.781532,4.511957,-7.925488,-0.114766,-2.340577,-9.378845,-0.586479,9.146517,4.757997,-8.413853,4.529961,5.299731,5.080660,4.275490,5.599456,-3.638470,2.324383,-0.361586,-8.584827,8.807987,9.948929,7.105045,-2.355552,7.880730,9.309925,-8.526921,8.599190,9.138464,3.553684,-2.969786,-5.293458,7.772152,-8.457829,-3.218946,-2.342614,-0.798406,-2.597792,7.070908,-1.651888,-7.839796,8.657055,-7.121928,7.459936,3.737715,7.153561,3.059392,-9.900756,-0.522056,-7.302194,-8.485583,-1.714068,-7.353266,8.619463,5.930380,-9.472535,7.929386,7.403458,9.126656,7.067850,0.957142,-3.843130,-8.225607,-1.270706,-2.300958,-1.444553,6.386679,6.900637,5.957655,3.457586,-4.751252,8.117859,2.114641,-1.873180,5.577795,-4.147644,-4.719619,-1.362812,-4.048400,4.758326,1.334993,-2.533984,-6.955743,3.981728,-3.914521,8.974636,4.509192,-5.985134,6.378094,3.635849,-8.917282,-2.664764,9.792719,-7.142889,6.064529,-2.508239,1.412559
2.451209,-5.607603,-2.629786,-4.091204,-0.358855,-4.511928,8.023438,7.767965,-8.934132,-6.124207,-6.951654,-0.296945,-0.172606,7.806671,-8.961950,7.293411,-9.149073,5.019777,-6.621111,9.825565,-0.471030,-2.606244,6.203659,-6.835181,-1.523526,-6.461105,-7.042461,1.333585,9.603424,0.449300,-7.253857,2.054634,4.841698,0.116356,7.963430,-5.517159,5.604428,5.986867,-7.749194,6.670298,9.862661,-4.700849,-3.626647,-0.309945,-6.894178,-2.588598,-3.016536,-6.043250,-7.568821,0.362353,-6.217686,1.960149,7.756109,9.985973,5.124969,-3.767417,-6.475132,8.082506,7.566168,-6.871707,-1.468194,-9.687690,5.182926,-6.626497,0.428666,3.146357,-2.143655,-3.966905,-0.866776,0.107150,-7.296608,-1.004115,5.406302,-0.923256,8.685940,8.512123,6.488148,-4.330596,-7.531126,8.919325,6.031757,-3.748812,0.879474,3.787867,-3.762838,-3.995559,-9.979550,-0.237969,-5.913052,7.586617,2.890322,2.618753,7.898928,-1.926751,5.992256,-1.672405,-8.780396,-6.151399,4.360689,0.352829
3.955751,7.064081,9.348713,-0.637947,-3.859174,8.034653,-2.125822,-7.371028,-6.295944,0.343052,-8.451703,9.735813,6.594240,2.427771,3.523680,-7.168597,8.432213,3.544130,2.593432,-7.480840,1.130748,-4.516245,5.137915,-0.970325,3.557004,1.130171,7.357269,4.776609,4.978772,1.717958,-4.870563,-1.065475,-1.217960,-5.521849,8.296577,4.922866,-7.487197,-3.829245,7.551838,-3.783141,6.513807,9.100134,-4.047328,3.108047,1.527905,9.476353,5.939450,-0.039884,3.020482,-1.467117,2.479277,-5.848771,4.016638,-2.382809,3.180904,-2.426358,8.747362,0.538174,-7.649749,3.726134,-7.743868,-2.520311,-7.339341,1.038172,1.957840,-9.042764,-4.038963,4.470643,-2.872009,-6.487125,-9.312498,-6.358202,-7.386992,-3.359826,6.749846,4.140913,-3.883474,2.689296,-5.898970,9.137009,-8.777821,6.580307,-6.711763,5.238818,-5.802502,6.469141,-7.187541,-7.055140,-2.992685,-4.837289,6.670994,-0.736552,2.642399,9.331654,-9.698380,-5.399762,-9.711111,-3.737343,9.070881,-2.583120
-0.224468,9.758381,1.058679,2.388540,-3.601444,-2.191476,-3.470547,2.515081,-9.502179,0.630484,1.652089,-8.280000,-2.789210,4.940327,6.958817,1.408287,1.409468,9.771276,4.353148,8.416782,-5.066012,1.024142,-2.319771,7.576387,0.355796,-2.018151,-7.823375,0.644684,4.244505,-8.752495,8.061563,-5.979963,-8.994112,-0.879757,6.408577,-2.595556,6.928766,-7.061969,9.919525,7.426588,3.568515,1.571613,9.146587,-9.220695,-3.488060,6.105404,2.187592,7.921408,5.876682,-3.459260,6.338188,-9.189331,7.564882,-5.981582,8.387054,-2.079322,2.000266,-9.436320,8.565361,-3.755228,-8.188814,6.626926,0.264809,-7.182927,-4.252832,-3.326613,0.221518,-7.324065,-0.388582,0.141041,-9.897478,-6.820068,-8.287344,9.249109,-6.040764,-1.775404,5.354514,6.146830,-3.853997,1.231194,-7.312431,-7.515808,2.041864,-9.747549,-3.497390,0.428920,-1.826872,8.502876,0.992599,-3.261510,-5.252351,2.803784,-6.634584,5.012459,5.620859,-0.887416,-8.314155,-4.157625,1.788519,1.297263
5.983418,1.891041,4.477196,7.696074,1.140150,8.436432,-4.079331,-3.505336,4.583261,2.066671,7.725859,7.270830,4.550863,-0.232278,7.523281,-8.946526,-9.803358,-4.303591,9.556351,1.189241,2.434900,-5.696000,-6.006974,5.800315,9.316460,9.613884,-5.087101,-8.997695,-4.543741,6.701418,2.299567,-8.560324,-1.407540,-3.223237,9.135750,9.732611,-4.786805,-4.943583,-3.772727,9.796455,7.123089,-6.046868,7.067286,1.673952,3.720855,4.590567,2.727427,3.917496,-9.713024,2.283778,-4.893263,2.721876,6.587778,-0.900237,-1.477809,5.904237,-1.286352,3.435091,6.906542,4.169907,0.136509,-0.793890,5.609583,8.728970,5.982874,4.745332,8.461578,-8.803932,9.801748,-5.311149,-9.007476,6.924837,-1.358017,8.059809,-1.401209,-7.637162,2.650375,-8.673782,6.280334,2.937351,3.609996,-8.612929,-4.340773,0.197773,0.486834,4.181418,-3.897989,9.200481,-2.383491,-6.991447,3.370389,7.753017,2.214662,-1.020029,6.481987,-1.802464,-6.274697,4.943565,-0.606396,-6.472948
9.632418,0.386127,-9.548109,-1.725599,-1.554064,-0.949318,0.637238,-8.903687,0.376900,-3.082428,4.033663,-6.013105,-1.695357,9.692890,4.184668,8.791477,3.874310,-9.713322,7.991959,-8.509182,-6.704769,1.362348,9.243835,5.509893,-9.657681,5.725823,-6.292571,-5.932378,0.669389,3.101033,-2.405326,0.301805,-6.512840,-1.953435,8.576204,1.933097,7.097246,-0.786557,3.029409,-2.525855,6.131016,-2.936927,1.461040,-5.564342,-3.244037,-4.354292,-6.772866,-9.369728,-4.067614,-8.780908,-7.878910,-0.772383,2.581440,-8.635074,-5.262489,2.923759,7.090750,-1.555059,6.991383,-2.239862,-8.454027,-5.413944,8.061943,-4.966867,2.632620,6.638147,6.966230,-0.270133,-4.148409,-0.004360,7.204014,-8.017394,7.058712,-1.334948,-3.581738,-6.185324,4.310760,-0.354603,-5.555052,-9.756853,0.864489,-3.433961,-0.529236,-6.554070,-2.069035,4.208275,6.369688,-4.978285,-7.346784,3.361071,2.781853,-5.800811,7.947124,0.843797,-0.767678,0.579746,-2.518055,-3.801448,-9.690388,3.333535
6.194193,7.513624,5.316141,3.252905,-3.821323,-8.265596,7.067581,-9.510563,1.379801,-8.487472,-9.267416,-7.755710,-1.921432,0.203348,-4.309780,6.009533,-5.588376,-7.940091,-8.968752,-2.935160,5.420979,3.813101,1.264029,3.368103,-5.343103,-9.503649,-6.052151,2.138842,-3.305097,-5.742537,-4.527623,-7.110905,-8.228912,-9.211482,6.142000,-2.050235,-7.477078,3.209580,-1.560798,3.902722,4.722109,-0.828214,6.147013,-7.199324,9.375135,-8.162766,8.810209,-6.213241,-6.102858,9.841457,0.851601,9.318121,3.654557,-7.884372,2.686224,8.311455,-7.388021,6.634073,0.450295,-0.693117,-9.108464,5.922671,2.195978,-7.337377,6.711189,-1.662023,0.612388,9.234112,-8.452442,9.051590,3.136835,6.269667,-1.776623,-0.716151,9.070343,-2.401488,1.121082,7.880552,1.385271,5.018224,7.722008,-7.763128,4.336344,1.376564,-5.647500,-2.977431,-0.311981,-3.035521,-6.343358,-9.861686,6.271362,-5.451822,6.060986,-1.532660,-2.789198,2.772177,6.805319,7.823189,2.006289,8.352875
6.874781,-4.856876,4.622541,-4.901843,4.426971,3.692884,2.696669,-4.451946,1.573435,-5.918058,-9.433722,-0.704556,-3.681187,4.902621,-9.327991,0.671314,-8.074810,0.360027,7.635794,-4.418168,0.498342,3.907156,0.130011,-3.440672,-7.625503,7.340813,9.331505,9.179815,5.164002,1.337793,7.532690,2.038783,6.480917,2.155232,7.136940,0.907888,-4.151884,-0.166390,6.455942,7.421551,3.915550,7.022221,-3.283006,-9.765636,1.924843,-2.610998,0.905678,3.850032,7.749029,-1.458529,9.431864,-1.752628,-7.551372,-0.438126,4.806699,-5.176875,-3.097313,4.138204,-5.997060,-7.933311,-4.524004,-8.464370,4.105473,-8.043087,3.690863,1.242413,2.864801,9.538979,-8.923979,-0.679255,6.960529,4.991571,-3.657035,-6.322476,5.225936,8.267807,1.066526,-3.868387,2.117839,-1.184443,4.673085,1.549703,7.062927,7.121714,-8.888422,1.869626,-8.055161,-1.985735,-3.992170,-4.052222,0.080956,1.483826,-2.516591,-5.813573,3.440739,-8.825728,5.428839,-3.694460,-9.286750,6.504860
5.626286,7.673780,1.496431,-8.030750,-8.648696,-3.277633,-9.762944,2.417830,2.853980,2.354895,-8.766613,-2.472934,-6.095402,8.296314,-5.351221,-4.983825,0.165940,-3.406383,3.030441,6.173771,2.541395,-6.888604,-2.342403,-9.975196,-2.702178,-8.901665,-8.800924,-7.273339,-2.596125,-8.087674,9.231522,-6.969840,9.586105,0.727951,-5.000590,-9.062591,7.450319,-4.763534,3.355240,0.304299,7.591360,4.588627,7.831366,-8.504042,2.884941,-7.519855,-3.487866,-6.949119,-0.926239,9.542576,9.224651,-8.384844,-7.346029,-3.117752,-8.360040,-0.048207,-2.019417,-7.160964,2.678453,5.384459,-5.248638,1.909975,8.414619,-5.662533,-7.362074,-6.585971,-4.725123,-9.911755,-1.349505,8.630116,0.392546,-3.758144,3.218742,-1.776090,-2.262186,-3.896317,0.704055,4.249949,-0.845434,9.777815,3.792523,-1.620783,-8.607028,6.446493,5.261465,-6.967067,-3.601713,-6.757952,-4.128031,9.076740,8.626507,0.623331,0.986715,7.041126,4.960798,3.624641,-9.544846,-9.764326,3.712888,-0.894351
8.865791,-5.894567,5.347505,2.084533,2.329344,-6.914681,8.188217,-6.966602,7.335266,-2.657218,-7.188787,1.127790,5.721998,-5.795814,-2.425715,0.983463,-2.762881,3.972570,4.225512,3.109088,3.049313,2.852018,-6.267581,-5.963972,-0.106857,8.693216,7.660669,0.348297,8.928890,1.373557,9.453947,7.794682,5.478991,4.801451,-0.120786,-2.191668,7.886768,-1.932570,0.841731,5.222035,5.410213,3.652945,-3.650174,1.132212,7.857130,3.924110,-7.884325,-4.905750,-2.103318,6.341187,8.203337,-9.054006,-0.806796,-8.064243,-5.017978,9.086348,-9.371027,-7.357308,-0.565355,9.557863,4.016249,-1.111409,7.352545,-0.504762,-6.309958,-2.768241,7.303570,-8.423189,5.299191,-1.854698,6.798845,0.709402,-8.201754,-6.851328,-8.158385,9.655376,7.072783,-6.042710,-5.250374,-5.030536,-9.701524,-7.047036,-4.084541,-0.508320,-5.111280,0.897480,-1.421972,-4.482307,3.540173,8.012672,-4.924443,-2.443579,-3.098737,-7.571898,7.051661,0.591305,-0.340138,4.355230,2.168114,-5.040949
-7.499468,-1.033040,5.668454,-5.701222,2.115632,7.510069,-6.045846,-0.811585,-8.532641,-1.296220,4.157879,-8.234165,1.656744,-9.926662,1.257515,6.545464,0.970819,9.835543,-7.936842,-5.489009,7.848213,-2.861285,2.067412,-5.250523,-0.433184,-0.880928,5.340781,9.226677,-6.525698,-2.491105,-5.814271,-4.025166,6.475857,9.854183,0.273611,-1.408511,7.364252,4.227766,7.779903,8.831612,-7.068454,1.937782,-9.402555,4.588290,2.011122,1.854959,1.133755,-7.018060,1.690502,3.196912,-2.507069,-0.461284,-9.664373,9.560343,4.288193,-0.097557,-1.320584,-0.371025,-0.870878,2.153717,7.137869,3.314850,8.128551,3.613726,3.169033,-1.597836,-7.794785,0.533286,-7.370071,9.985119,-0.635103,-4.438525,1.922902,-0.037659,-9.850235,-6.065977,-8.182698,1.283520,-3.084037,3.507804,-5.519568,4.408894,-6.953480,-5.183942,3.969238,7.334713,4.718502,-7.351347,-3.036312,-6.152377,4.802370,-5.898442,7.162474,2.930922,7.715284,0.331508,-8.666915,9.920500,-9.135206,-6.036985
9.905619,0.229692,-0.475511,1.828520,-9.807967,-0.325745,5.762544,-7.990665,-9.042225,-7.321494,5.517139,-4.561793,7.087400,8.563660,0.254265,1.056637,5.898373,-5.027233,3.705290,-7.137939,-1.179610,-1.492340,-3.036380,-4.017136,-8.561419,-5.321096,6.314371,-7.228333,-5.400596,7.179167,-3.265319,-5.494977,-2.591143,6.259171,6.333544,-2.399110,-4.066574,2.096086,-0.389775,-3.108799,4.774591,-4.872636,2.329408,1.861992,-6.308977,-7.416327,-7.081371,9.589396,-2.443561,6.623919,-7.548543,6.376829,-4.868422,-0.584924,-7.640306,-3.429840,4.093981,8.674065,-0.658174,8.693384,5.853232,6.076508,-6.801593,-6.737911,2.335678,9.531950,0.862980,8.269104,1.628036,-9.526795,-4.839695,-3.597372,-4.399431,7.489712,8.264620,-0.708408,-9.926615,-8.816751,-1.119012,-2.370176,7.807167,1.332445,-5.993347,-7.061254,-9.252479,-3.633654,-0.491094,4.841501,-4.959588,8.850731,3.534887,-9.106357,4.927239,6.733294,-5.844267,-2.737082,6.265244,5.018712,-4.467978,-2.106721
5.491916,0.692327,4.295907,-8.907515,-1.817961,2.560528,0.384077,-1.744576,3.743776,9.265064,5.885248,1.550943,0.597509,9.891901,4.489689,1.345032,-3.741753,-6.001405,-3.813467,1.298658,-7.150673,9.721420,2.192303,7.776567,6.454714,6.348036,-4.960515,2.719956,1.366748,0.571507,-9.386765,-3.141336,-8.736167,4.909142,-2.048851,-0.554128,-2.530331,8.335226,7.701298,-8.786554,7.600290,3.586545,2.764389,-1.802200,3.478446,-2.745922,9.542831,9.736694,1.252674,-4.270636,1.035353,4.102001,-4.549216,-6.772344,1.878568,-8.094503,9.575691,6.918053,4.625454,0.942439,-2.510442,5.238689,7.801102,-1.246609,0.147831,-4.247748,8.199263,7.617500,-5.912523,5.900559,8.830946,-8.312232,-0.512897,1.595336,-0.114432,-7.034451,8.849415,-0.571601,-7.297757,0.102087,5.157763,3.737597,-5.795912,-9.391453,6.965252,6.082655,-7.485956,6.540943,3.000708,7.139498,-2.516618,-9.509734,2.378186,-4.715516,-0.756344,-7.473982,1.036736,-2.557080,-9.856481,5.124214
-6.656522,8.974466,6.811981,2.830582,0.569801,-3.302451,5.796132,-0.580785,6.125948,8.498375,9.521303,1.283711,2.235970,-6.274609,1.892258,-0.798778,9.808046,4.406301,-4.257834,2.808754,1.545800,3.225547,3.299021,-6.076014,8.510033,-7.457323,-3.549996,-0.453233,-0.014403,-3.406477,-5.329019,3.329076,-4.432011,-8.517037,-3.840343,6.137791,-1.819489,-8.044210,-4.442994,-5.693540,-9.545835,-4.921691,5.590171,2.690135,-1.196300,-2.517571,-8.108643,-1.388252,-8.111268,-2.366476,-8.579498,3.434532,-9.140929,4.719523,7.358517,9.369102,7.262199,-6.191478,-1.084129,-2.752204,0.402045,3.586851,-9.423129,5.970034,5.069814,-3.263472,2.107824,-6.749675,-1.307682,7.664831,-2.443215,-0.853518,-7.256861,-6.853045,-8.163383,1.546840,0.629385,-6.272025,-9.841413,2.518116,1.361499,-8.420911,-4.047351,2.220570,6.298613,-6.688833,1.589672,3.560811,-2.880311,-9.494457,-9.191392,7.521732,4.092394,-8.614521,3.491768,-0.837792,-1.877993,-4.400408,2.412533,6.814325
-6.735578,9.969316,-4.039193,-3.992438,-6.883727,-2.202577,7.554401,3.745657,1.525398,7.712990,-3.736225,-7.113103,9.292078,2.216423,5.107466,5.590691,5.527590,-3.302861,-0.848497,-7.352722,-2.797318,-0.039890,-9.830989,-8.704926,1.345589,3.660779,0.457282,9.467598,9.260370,-7.130186,6.281921,-7.475207,-7.160869,-7.757271,-1.467646,-4.044596,0.040152,-3.913244,9.701061,-8.434449,-6.200255,-4.035163,-5.547552,-6.908177,8.181259,9.559916,8.682514,3.708849,-3.742947,-2.165985,6.356127,3.459734,7.794125,6.525137,4.754809,-0.860286,0.185917,-4.787910,-1.392689,-0.553714,-1.918095,-5.110767,1.971079,0.921036,-2.868038,-9.496567,6.876440,7.172113,-3.409811,6.577501,8.737665,0.389934,-7.457662,-6.809887,3.481756,-9.276402,-7.249972,2.164269,4.432446,-0.992919,9.998285,0.788572,-7.533185,7.792410,-2.686291,7.221624,-3.067877,7.499626,-7.566285,5.539434,-3.054089,0.515619,-9.571333,8.916990,-8.563344,-2.439371,9.420425,8.313095,-5.267257,-3.989387
4.890598,-6.529592,6.400547,7.432936,-3.339478,-0.117697,8.156532,-0.589451,-7.953427,2.588979,8.417629,-7.955143,-6.622449,-9.115555,9.837267,0.691260,8.106070,-3.230610,-1.809114,-9.460216,-7.691175,5.136797,1.055404,-7.262508,4.053788,2.492061,0.298120,3.474213,0.805157,5.030865,9.484827,-4.304246,8.501272,5.885373,-6.871310,-4.838205,-4.232324,-8.714777,4.572344,-2.185750,3.874201,2.989974,-0.140894,7.251751,3.874418,-0.303628,-2.056989,1.980488,6.465761,6.133896,2.520273,8.774586,1.270694,-6.424324,-8.487922,-4.675518,6.067736,1.810199,8.798693,-3.127108,-3.158937,8.283520,2.568646,-4.657665,4.168893,5.697336,0.504129,9.936569,6.982559,-4.923527,-2.249181,0.856760,8.066446,7.609924,-1.891488,1.940866,-2.693703,6.051523,-6.078647,-6.227941,2.185419,6.441628,-7.453355,-6.543888,-9.982697,-5.941277,-1.219406,6.085037,5.868922,-2.420712,-7.042068,-7.290015,-4.137192,5.526579,-1.947680,-9.968299,1.223915,8.556450,9.968269,-1.793527
-6.367078,-2.280911,9.063232,-8.300632,-4.670987,-2.828255,3.640234,2.635311,-6.776733,7.561586,6.407370,5.408687,4.003214,8.954014,8.864799,4.020515,-6.987262,-2.354607,0.105555,8.881660,5.224681,3.063486,-8.408355,-8.912512,-1.409936,-0.356035,-8.880811,9.813978,-1.799585,-8.912540,-1.979548,1.833336,-1.193452,-2.916315,3.532704,4.135562,4.255429,-2.827062,-3.229127,7.478697,-5.265474,-6.821758,2.887383,8.737740,-7.867743,1.752182,2.758255,-4.855005,9.397575,-7.136190,-5.973345,4.622255,5.927296,-4.381700,5.709743,-5.482640,5.262265,6.828934,-5.668661,-6.537321,7.916393,2.351790,5.296015,-3.277059,9.435476,-1.171281,-9.141497,3.690906,6.001657,-2.370625,1.169603,-9.263817,0.807618,-5.943014,9.473923,2.939874,5.809168,2.232179,8.084869,5.206742,5.095988,-7.888475,-0.171002,1.023284,-2.270175,-4.461259,5.540646,-7.007911,-7.632325,9.871983,-3.545232,-9.715933,2.223774,-8.249217,-2.992991,1.659250,0.579501,-2.134488,-4.649844,-3.418840
5.494888,6.519760,-2.682657,-3.697495,-9.423254,-3.208734,9.242380,6.385914,9.023445,7.327250,1.592656,4.119433,9.438774,-8.578346,-4.857283,-2.831402,-3.039605,-9.316638,0.160686,-0.671929,-9.444654,6.615456,-0.387862,2.779120,8.366238,6.619146,-5.561629,-1.054259,-5.515341,-0.211473,5.526900,9.979546,-3.691714,-7.155757,-3.717949,-3.114968,-0.364491,-4.475569,-6.729054,-1.341046,-7.148320,4.863601,-7.221613,-7.709547,6.285255,-2.078896,-0.540949,-6.754350,-1.395535,9.619740,2.573720,-0.840189,6.235195,-7.814142,-8.061069,4.601432,8.805004,-3.622698,-6.452827,-6.710338,6.165829,9.074074,-6.730791,-7.525885,-8.081684,-0.448740,-0.640853,1.553823,5.075691,2.630092,-9.787222,7.927370,-2.506307,-7.008836,-9.782176,-6.221052,0.912268,-0.323125,-2.975402,9.516733,-0.703386,9.598318,-1.323455,-4.468192,-8.215824,0.615477,-9.866759,-9.410820,6.992777,-6.319586,-6.121158,3.158607,-7.245514,-2.851949,5.632721,-5.327199,6.699310,-5.008132,6.226625,1.775002
7.621960,6.439404,-0.297628,-4.884347,9.430569,-0.079805,-1.105398,0.342836,9.597071,5.919199,-0.140430,-1.106316,5.517517,8.536114,4.425492,7.301693,-0.848410,4.558734,7.890871,-3.855632,8.239147,-8.230286,9.302975,-9.006367,-1.082235,4.935695,-4.333566,-4.382925,9.927563,-8.106939,7.392076,7.549522,8.332464,-2.905552,-7.334824,7.763031,7.014643,1.559777,-1.894132,6.611713,-2.521023,7.965439,-4.494603,-7.003506,6.501553,9.930889,-9.701814,-4.346857,4.489622,8.189058,1.797512,2.728768,9.958773,1.100485,3.722402,-1.123463,-3.963820,9.388836,4.493613,-4.036257,-8.718103,1.885690,-6.486734,9.614361,8.980137,-3.821558,7.377394,5.994779,7.738220,-4.516739,2.606492,-4.782804,-6.551300,8.111889,-1.786310,9.950253,8.042778,-1.488124,-4.396603,2.532400,-3.299065,7.400909,-4.738831,-3.340292,-1.498606,8.983570,5.536245,4.537574,8.372406,0.029859,-9.498682,9.654305,-8.084453,-5.985416,9.268663,-9.104317,0.193026,6.646057,6.890463,-2.068754
-7.870681,-0.503045,3.148442,-4.421981,-2.391157,-8.637868,-4.471728,-4.348379,-0.125991,1.131668,8.184021,6.574944,-1.467423,-6.554810,-6.765348,7.033970,-7.571239,8.770897,1.571545,-9.198833,-1.199244,2.072863,-9.544528,0.716303,6.087446,9.724136,1.611986,-3.719528,6.370193,-1.497551,4.211718,8.499512,7.999405,-2.639840,-5.922469,-4.391752,-1.277708,-0.394197,1.259869,8.596302,-9.262528,-0.556110,5.171246,-0.729951,2.889080,8.405897,-3.695981,5.317841,7.176794,7.875565,6.119007,-4.022450,-0.051574,6.574480,6.693851,-3.964127,6.298616,-1.694161,2.316345,2.668810,6.808289,-3.471937,1.168322,4.807692,3.888224,5.245853,-9.584060,-7.389484,-5.148344,1.675808,-8.793183,-4.410872,-8.880301,6.378061,4.859177,4.008778,4.783958,-8.836804,-0.673382,1.960752,9.038759,-4.554374,7.938301,-1.012814,-7.979895,4.632154,5.023060,8.318722,-7.062007,-2.660595,0.987531,9.746281,3.867469,-7.844148,4.553972,-2.244308,7.401707,4.969913,0.366207,-7.746637
-3.354279,1.573024,-2.157509,-2.234581,-2.048915,-7.298332,-8.225803,-7.264956,-6.135136,1.100815,4.695796,-7.096376,6.546440,2.634097,1.890811,8.566547,-2.733748,-3.086131,6.885267,0.204244,4.253274,-2.127202,-0.049476,-1.879257,0.028650,-5.495503,5.876434,-2.569644,9.474409,-3.757358,-0.316281,-3.879869,7.815664,7.526209,3.885550,-4.233250,-9.772122,5.659746,-1.498206,-5.907259,-3.239439,-6.802411,-3.003635,-6.692998,5.831688,8.887175,-8.126452,-6.902061,-4.198956,8.758814,3.302182,-9.945681,-3.368387,-6.747293,-1.824938,6.660263,-2.242796,-5.948503,-5.909381,-2.768387,0.294138,3.774338,3.351744,-1.890197,1.300547,-2.762708,3.876554,1.528425,-7.102962,-7.621653,5.621166,-0.342400,-4.424064,-7.382469,2.964602,-8.592377,-8.495294,4.838148,-5.494438,-2.694249,3.596964,7.807745,-2.639930,-9.771423,-8.939548,5.535131,6.888840,-1.182345,9.586628,-9.020542,6.049269,-0.119234,4.753796,-0.598989,7.990570,-3.945658,6.638304,1.867123,7.582767,9.535343
4.245470,3.203934,-0.807058,9.821407,5.821465,-7.842457,-8.770969,7.326170,6.995693,-4.265408,-5.368079,0.592656,-6.457664,1.991991,0.821233,-5.397212,-2.472877,-2.289929,3.420443,-2.886248,-1.310471,-0.530290,6.994518,-6.556675,8.870722,4.985088,-0.502333,5.509025,-3.147789,-2.919565,5.044367,-8.902319,-9.715631,-5.762691,-9.080913,6.105833,-3.605147,-7.851882,3.432003,-6.609455,-2.117290,8.063925,3.983201,1.425046,0.055915,-5.195567,6.027834,7.583038,2.514504,-0.551723,-5.303210,-8.795966,8.917988,-8.308692,-5.352641,7.788710,6.676395,4.145026,3.297734,-6.471394,-8.774538,-1.657898,-5.373713,-8.490170,2.579411,-4.454625,7.615664,8.974264,-2.306507,1.047665,-7.635192,5.576202,-0.888411,6.348009,-2.998752,9.167503,-8.847558,-6.970917,6.750544,3.666945,2.477360,-8.552667,4.870979,1.395348,-6.861359,9.518339,-0.815945,9.815037,3.663364,-7.518210,-6.656356,4.888826,0.823891,-2.030068,6.398657,-6.596699,3.515306,4.014319,-7.622436,-8.791201
-4.938016,-5.257627,6.785002,4.173573,-8.909618,-6.213750,3.341079,-7.757177,-3.184667,0.091621,5.909768,9.292694,1.538955,0.780748,0.688039,4.677596,0.299088,9.872095,4.492634,-6.037548,-7.646115,7.836277,8.851278,3.177775,-4.193790,5.249935,6.581076,9.321516,-0.735745,8.958641,-9.469685,4.326239,-6.298986,7.315317,-1.500188,-5.208605,-8.898432,-8.159109,-2.965782,-2.083099,1.932512,-7.056014,-2.790406,-6.528533,3.724735,7.897633,8.149063,-5.976178,7.769728,2.641697,-2.013725,-9.876388,0.477976,-3.162446,3.301388,6.284185,-7.912511,-0.117537,5.605701,1.351744,-1.158895,6.136019,-4.322018,2.542119,3.451336,4.177794,7.333513,4.552903,6.018684,-5.632268,-7.530196,-2.048802,-2.688282,-0.320602,1.422665,-8.963547,-2.422969,-0.428271,-4.939724,-4.653241,-7.786573,3.046551,-4.529629,2.691402,9.884104,8.771759,-1.024412,-8.028406,-1.345778,-5.418711,3.323337,7.495329,-9.282694,9.001320,0.037447,4.168642,3.179113,-2.629039,-1.278456,-0.802200
1.738692,1.191349,7.148998,9.050411,-9.129253,-1.428337,-9.913136,-1.552222,8.143391,-4.852861,3.794537,-9.643182,8.193689,9.264906,3.048220,8.077793,8.036667,-7.976193,-9.950613,-3.309112,-3.394904,3.372725,-5.813784,-2.677598,2.374043,4.223662,-8.508956,-4.446843,-8.405376,0.212589,4.750957,3.333316,-8.596062,1.899954,2.383727,-7.725316,-9.528383,2.470590,0.722462,8.615009,7.617729,-5.483002,8.971827,5.811419,-6.218095,2.020046,3.889212,-8.181429,4.043854,3.938599,-1.490541,-9.351050,-2.688677,2.695675,-2.028647,9.685366,-3.080663,-0.537603,-4.761477,-1.486038,9.674986,9.989479,-8.152722,-8.921077,1.889434,4.231004,-6.646392,2.361051,-3.298406,4.076070,0.976059,-5.680677,8.593067,-0.052114,-9.869259,-7.625027,-8.032067,4.019953,-5.806457,6.011787,-2.041448,2.703003,6.660736,5.269876,-4.601323,-5.367911,4.955240,2.318015,4.094485,-9.806236,-9.168024,3.769470,-9.816756,-7.320746,4.848394,2.072679,6.910257,8.202002,-5.566270,-6.388149
2.278071,5.409789,-2.068825,0.871140,-4.642324,-1.938084,3.246113,-2.674391,-7.918130,7.439655,-6.662605,0.040421,0.142659,9.998131,-4.689703,5.541335,-5.369780,-9.734462,-2.140650,8.724705,-9.540698,-1.308674,2.494175,-9.357453,1.370581,-2.657430,2.715225,-1.719162,-4.455428,7.148954,1.892690,7.822645,2.558744,9.823864,-1.306215,7.916420,-2.114220,-8.060102,-4.757972,-0.032351,9.379555,-1.420576,-9.991929,-0.477789,-1.422445,-4.681632,-4.936452,3.207775,-4.416094,2.922897,1.932480,-3.956792,-8.385776,-5.573344,-3.314245,2.984805,1.769227,9.400980,-8.734358,7.313799,6.549932,3.158332,5.136443,-0.891322,2.982196,-6.169772,-2.974903,-9.132025,-4.229875,2.267126,0.835625,-4.850322,-9.153451,0.843696,4.671889,-0.575896,6.162064,9.735437,-7.368121,-8.254030,2.658335,4.564360,-2.210822,4.272560,8.991014,4.474932,-2.742636,0.760241,3.875912,-1.476993,-1.925961,0.425845,-8.318661,-6.789517,9.534523,4.663535,-2.959289,-3.440380,5.531510,2.810836
8.826744,-3.632865,7.960514,9.673294,7.210831,2.632403,-0.902602,3.372894,2.367841,1.729278,5.118865,-4.973824,-3.706364,-7.091958,9.298737,-4.715349,7.382975,-3.443900,6.044891,1.258887,5.079107,-5.881068,-8.315269,6.760447,-2.670585,-8.780746,1.423981,4.370126,-2.221126,-3.044508,-2.819038,-3.394381,3.322626,-4.858524,-3.721087,0.533457,7.773880,5.376311,-6.093648,0.141720,-2.894412,9.025215,5.167895,3.399224,-8.066742,4.466631,8.683876,9.316233,-8.977268,4.728766,0.575119,6.101839,8.847698,2.259851,2.862287,-3.822886,3.479105,-5.713732,-9.452760,-8.742021,1.241760,-2.271798,-2.136402,-5.435614,2.869678,4.142512,5.097843,0.643557,-0.481177,9.004194,-9.214724,6.624411,8.029411,5.953173,0.023636,9.962669,0.419806,-1.292488,9.278904,1.442537,-6.563721,-0.145978,-2.455623,-7.716022,-7.886127,-9.593337,-1.538908,5.592979,-5.307069,-0.991668,6.850960,5.934691,6.736534,-5.285442,-9.500923,-0.393789,8.857069,5.596920,-9.750232,-1.624107
4.601116,-8.964955,-4.999696,2.630527,6.988218,5.023941,2.593197,-2.591978,-6.268548,1.872100,8.850559,-2.832270,-8.273878,-3.605064,-0.548292,-6.160004,-3.198400,7.912800,9.432976,1.494531,-3.078868,6.283934,-2.570779,-6.342334,-9.001509,-2.071701,3.263878,9.855560,-6.474781,3.513645,-1.768547,8.126335,4.548691,3.231756,0.756864,1.536908,-1.744303,-6.649940,8.944929,1.987150,5.222159,7.795490,9.154881,6.948282,-5.809575,-1.393412,-9.211722,0.992025,-3.480611,-9.778747,-7.513445,3.440521,6.505186,-0.084223,7.098186,7.503677,7.844076,0.362063,7.359240,-8.630705,-6.124291,-4.409308,9.495630,8.424398,8.822449,0.252494,-0.038692,-2.921854,3.602554,-1.093763,9.065296,-1.175285,-3.298274,8.220175,-4.227004,0.892152,-3.173236,-3.438725,-8.115823,3.346152,-3.217473,-5.629268,-3.213327,-6.712286,4.286509,-6.115141,-9.208608,2.130585,4.246922,8.150631,3.499880,8.122633,-6.258677,2.995510,6.547031,-7.436229,-6.751995,-3.491662,-0.358083,6.850559
5.414576,-1.292787,-4.324727,-7.883698,-3.072610,1.448270,3.008453,3.754153,8.009544,4.892631,-2.899694,-5.207928,9.263363,3.886978,-1.920213,3.549871,7.771837,-1.128820,-4.319543,2.018762,-2.978190,9.180336,0.141393,0.763132,2.175847,-3.311575,3.326903,5.423851,3.196763,-7.031178,2.274410,-1.388661,1.676035,7.949684,0.727640,8.603424,-0.602046,-6.263906,2.357577,-2.592501,8.628725,9.457882,2.199572,7.892088,3.344861,-9.720642,1.441960,1.116700,-0.849463,7.122417,-6.864539,6.172348,6.302753,3.276855,-3.064521,-1.521400,9.965279,-9.737617,-6.097548,3.162043,-6.768796,6.176861,-8.226619,4.907238,4.126547,2.501021,3.510662,-6.475500,6.237116,-4.131761,0.931998,4.865842,-4.673877,-6.868431,2.757930,8.670984,-6.589073,-5.800111,-0.212316,2.561464,-8.677694,2.923145,-1.266190,7.625057,-3.800000,5.669290,-3.896342,-3.834721,5.931672,0.006109,9.327322,9.162876,-3.817029,-8.899296,4.070114,-9.690483,3.601727,-2.419224,-6.165983,-0.161158
3.449016,4.766015,-5.295316,8.775137,7.897585,7.462612,7.446121,-8.691488,-8.337499,-2.766194,3.869976,-7.015193,-9.843049,-7.396214,-9.390135,-3.643049,8.273075,-3.286477,2.522230,4.204749,6.719631,1.849552,3.367624,-7.097396,2.950257,-2.562262,-6.787879,-3.448017,5.018515,-2.953863,6.390825,-1.532470,-8.187847,-8.904491,-2.757332,9.709738,8.558123,-5.311210,-8.981750,-9.779377,1.922597,4.888225,-6.794569,2.079548,7.492012,-6.184704,8.436499,5.765087,0.528820,0.958730,-0.030164,-2.751548,-7.191718,-6.662539,0.151056,5.758539,0.775199,3.363176,-7.689478,-4.206286,-9.590686,8.701347,4.261244,-7.778533,9.796856,-8.496088,-8.068795,8.354979,-3.807299,-7.050546,8.575602,8.115297,7.837679,-8.218967,0.194845,5.329691,-4.403672,-1.368655,1.094779,6.125147,9.590075,-8.935385,-6.626401,-7.601644,-5.597924,3.524655,8.156895,5.177275,-3.112168,-9.532582,-9.029011,-2.702854,9.168766,5.232233,-0.481387,8.965622,6.736143,1.449818,7.320599,-7.071155
4.399272,5.896201,-8.955856,2.236952,7.677233,1.238989,-2.433358,-6.726439,9.870335,8.661421,9.398708,9.460407,9.726036,-7.227693,-8.141236,-5.871889,6.296963,-9.984341,9.305386,-6.815207,-9.516922,-9.723625,0.481939,9.651844,5.508608,-9.999448,8.617466,2.244751,1.450371,5.938065,5.173597,-4.150357,1.834267,6.217741,8.086594,-0.488500,-2.543271,-4.346765,2.785062,-2.672937,-5.685344,2.183770,-3.212529,-5.959310,4.956078,-1.353765,-1.831199,1.253040,-1.338106,-2.525812,4.437833,-0.855028,-2.249437,-5.080227,-1.203185,-6.740830,-5.079675,-2.585721,5.503921,6.370695,-6.647655,0.677518,-7.779662,5.186611,-3.104742,-9.693068,-5.301889,4.351987,-4.039832,7.483173,-8.320950,0.274822,-0.333057,-1.533480,4.315514,-5.376980,7.112755,-7.515685,5.876060,-4.225351,-0.041496,0.313892,4.919620,7.709066,5.233665,-6.283566,-9.031765,-9.846010,1.130713,6.472155,6.524685,4.483059,-2.850327,8.745024,-0.330331,4.044931,9.051956,4.367781,-1.603083,-4.987877
1.850953,0.075969,5.286946,-8.482105,8.542488,-0.397540,-3.859086,5.655243,2.086775,-7.983027,-8.570108,-7.954722,2.330866,6.349510,9.754343,-2.435470,-9.934054,-9.277422,-2.281480,1.196660,7.194733,-5.756795,-4.320282,-5.655594,-7.011772,5.349387,8.389338,-7.959816,-0.282832,-3.213745,-2.947693,-8.431879,6.862223,-7.660748,-6.913984,5.404711,1.941711,-0.773069,1.059954,-5.971513,1.243904,2.489845,-3.926235,-6.425230,-1.160643,-4.171892,1.139299,-1.094696,-3.449314,8.857821,-9.898037,-6.254580,-6.898976,-4.218318,-1.910173,-3.910748,-8.868931,-3.520837,-1.870564,0.848236,3.265418,5.181742,2.416357,0.127640,7.520994,5.502373,-4.467649,-0.537293,-5.270697,6.592304,3.491193,5.973207,-0.917849,9.564957,9.547977,7.921509,-4.606934,0.687277,-3.173188,1.943751,-0.454904,-3.071225,5.689172,2.646121,2.710457,-6.221003,8.735373,3.841525,0.258161,-3.135191,-5.310238,-6.476422,-7.953449,7.106119,3.651217,9.567545,2.608492,9.183569,-0.969748,7.337795
5.775873,-7.478555,3.311003,-5.141975,-7.913598,2.858980,-7.220467,-2.520532,-6.453744,-0.393655,9.423220,3.091352,6.535122,5.112391,-4.262527,-0.754422,8.891390,-5.527154,-6.912897,-0.850450,1.337654,-2.223135,2.673128,3.384205,-5.117015,-3.675654,2.951751,7.491476,-4.492085,-8.017998,4.829272,-8.716212,-5.496553,-1.859725,-3.858188,-3.410151,-9.000746,-1.078655,4.069318,-5.454490,8.527691,3.492537,7.636864,5.062811,-1.395070,-6.625665,-5.691611,-2.503680,-2.152819,-2.604508,6.645870,9.184835,5.172358,-0.681002,2.569040,-9.944658,5.643344,-4.479210,7.546820,-8.848742,-2.497208,2.376091,-7.564954,2.006239,-9.483634,-1.423141,8.596088,-8.484380,7.498203,2.665405,-3.938869,6.025894,-3.842057,-6.302007,1.088704,4.762873,-2.927671,5.397093,-7.740808,4.919510,-7.207415,8.905064,4.104345,7.964943,-1.775939,-3.326615,8.020285,-6.132594,2.194175,5.567103,-4.981336,9.696968,-2.056805,-2.546289,1.703205,-1.540439,6.030567,0.299294,-0.024818,3.528771
-7.035301,6.036312,-0.445335,-0.877358,9.734306,-9.356631,-6.114486,-3.193365,6.040462,-3.855293,-8.273855,8.833048,-4.950230,5.830490,6.797989,3.273831,-7.496125,4.818275,7.141237,4.698050,0.385379,-7.840098,4.395018,8.328573,-0.386389,-3.901777,-3.211864,-4.355820,6.397516,6.763317,9.172951,9.362215,2.799629,-1.272385,-1.515143,2.533936,-0.629016,2.370371,9.340570,-4.588553,8.515078,-8.933285,-5.755506,-6.435151,6.897205,-8.957516,6.838680,9.401081,5.860759,3.979918,4.099131,-3.753862,6.139820,-1.505852,-5.425288,-4.246569,4.592371,1.362848,1.397611,0.989887,-1.873836,0.570562,0.352102,-9.074205,9.298178,8.836958,3.459730,-1.330837,1.207331,2.800301,4.080609,-0.277592,3.867016,8.325104,3.287257,0.764221,9.367588,0.125937,0.165301,5.228347,-5.894145,-5.735567,-8.525515,-9.754326,2.758580,-3.950803,-4.000895,-2.649049,7.412045,7.396717,8.340839,-4.461790,-2.032721,-1.307059,-3.535995,-2.734543,-2.470100,9.923735,5.934620,8.737228
2.724035,0.015229,-1.540363,-3.408949,-1.659668,-8.253106,7.355272,-2.292080,1.872831,-2.479426,-7.063733,5.978685,1.785007,-5.589247,6.224361,-5.456413,0.459949,-7.776534,1.894539,-2.128005,9.620184,0.235377,3.410206,-2.412538,8.928318,9.874210,4.852920,-3.541782,9.797945,0.787539,-4.804554,2.521980,-9.197232,3.655085,9.113029,-0.856899,5.401978,6.468304,6.851021,-2.725191,-6.011123,9.787289,-6.746505,5.773883,-5.801960,9.477856,-9.682529,4.657991,-8.298677,2.212009,-7.470014,-8.678494,-7.552613,5.940191,-1.091032,-8.624294,5.814402,-6.238112,-2.166077,5.612347,4.549426,3.029370,-1.865672,5.352194,-3.315547,-2.752642,-5.504705,-7.913568,-6.284339,-8.653685,-0.638760,-2.295463,-8.866396,2.614737,-6.521579,-4.668355,2.092591,-6.204108,9.989635,3.793915,6.007902,-7.480378,5.115419,8.455288,8.459814,-5.975613,9.830994,4.274216,-2.213726,-2.335083,-0.113438,-7.664299,-9.305714,8.020889,7.687895,-2.621260,-4.731752,-7.816809,-0.534828,-1.016091
-6.470493,8.826412,6.688446,-5.336890,1.441149,-9.833132,-0.005245,-6.466259,-6.037240,-0.015610,7.327656,9.970661,2.504011,2.443075,8.425949,0.963825,6.467461,8.256943,-4.761960,-5.746264,-4.078140,5.124602,-3.410563,-3.383854,3.145494,-5.722666,3.994885,8.413740,-3.539476,-6.539942,-2.602350,-0.009970,-7.713530,-5.913904,4.653141,3.727619,-5.747036,-5.352104,7.261360,-1.784276,4.632287,4.589015,-1.813615,-2.863702,-2.967911,-3.387666,8.100124,-6.500448,-5.130723,-6.661837,-2.246712,0.791138,8.462767,4.342727,7.407282,1.608258,8.620060,1.402168,0.022000,-4.919416,4.862226,7.419649,5.070615,7.148697,-8.494254,-0.276244,0.876316,-4.241290,4.371653,-1.862324,3.974434,-0.996061,-7.273309,-7.839181,6.140236,-0.241220,-1.226847,4.240360,3.258332,3.642430,7.578524,-8.988380,-5.566433,6.041290,5.354346,-8.159150,-2.350451,3.974405,3.243018,7.671549,9.054989,-1.894754,5.091198,4.125605,-4.746058,6.596943,-6.150640,6.130259,-7.644346,8.221012
-5.732066,6.330088,-2.775049,-3.005375,8.490906,-6.634812,6.753405,-2.735941,7.605549,0.011736,-9.093511,5.184072,1.023357,-4.659944,1.225362,-3.622297,-2.819094,8.874910,-9.647891,-9.576076,6.546459,9.407099,-1.470831,1.637657,3.532704,3.783112,-1.765399,7.382065,-0.086631,0.590254,5.603077,4.181304,-3.079658,-7.171971,-8.824072,-4.588752,-3.806784,7.929333,2.675306,-6.201235,-2.058931,3.581796,8.982836,8.964426,8.921852,0.208198,-4.657872,-3.897242,-0.916892,-4.305763,-3.473317,-4.370432,-4.898664,5.055852,7.267225,8.634041,-1.161036,-4.498175,6.016104,8.752335,6.092079,1.619182,2.933637,-6.987578,4.447210,4.109565,-1.576331,-9.359573,2.038898,-8.901024,-5.560809,9.979967,4.680772,-6.577972,8.944393,3.602624,3.630226,-5.713479,9.705383,-7.286666,-0.019241,-3.767934,-1.657099,5.082094,-8.712082,-4.389874,3.716135,0.126882,1.111952,-0.267761,-1.120785,-2.795969,-8.648580,-8.187147,0.216452,5.798630,5.922418,8.640121,6.439056,-2.038685
9.739098,-9.121753,-2.058718,4.419869,-5.699726,-3.114326,-1.977507,7.930500,1.172194,-2.272124,-9.356166,-8.847047,3.959941,-1.013264,6.235048,5.247859,4.596862,-0.048818,-4.625259,-4.291186,9.683422,4.253956,2.912845,-8.965158,6.066809,-6.870703,6.833473,1.989226,-8.230581,3.272528,9.950541,-8.491484,4.150776,-2.108178,5.928385,8.451050,4.777496,-6.049122,6.381550,-4.050309,1.678753,7.025385,-2.897356,-4.361306,-3.987880,-6.662308,-9.113447,-9.391018,3.288875,-3.738707,-3.682204,2.972297,-9.484751,9.230640,4.007139,6.582058,-7.640062,0.840611,-1.428717,-5.870644,-5.886861,-1.478175,-4.362128,8.263914,6.413647,-8.433743,6.714964,1.191144,-4.482865,3.096514,7.140835,7.195889,0.121898,-5.756521,-7.165418,6.134018,-2.418828,-6.278865,6.743000,-9.129953,-0.017571,-6.939204,3.842343,0.497679,-7.708563,-2.150517,-2.920264,-5.348626,8.690092,5.651020,-1.219270,-7.196769,-5.827155,4.418603,-8.932856,-9.413508,5.984859,7.782108,1.777636,-8.498006
0.878621,-1.081530,8.697882,-8.999480,3.161949,-8.467536,7.134537,-9.256880,-4.746401,3.877539,-8.386833,5.236027,6.938335,5.455511,-4.266294,9.229773,-6.695007,2.813442,-6.118854,-8.004915,-1.535538,2.661877,-5.201684,2.637306,-2.919521,-4.134539,3.223799,-6.934661,-6.352430,-4.998566,-5.432667,4.526191,3.919905,-6.734785,5.526711,-2.918148,-5.202320,2.661248,-2.175026,0.051279,-3.461213,-0.561859,-4.712693,-6.522878,-5.106349,1.021013,-7.293106,-1.801356,-6.165545,-3.411960,0.193729,2.298917,9.249918,4.992045,-5.063776,-3.669604,-9.142493,8.160021,-0.604265,-5.494924,-6.838544,3.963069,9.031267,7.081360,7.228283,4.557978,-5.836788,-7.974036,-2.780773,1.988186,2.077242,3.758015,-8.573673,7.364550,7.235138,-3.680022,-1.614438,9.942032,4.518621,2.220016,-3.469929,-5.287650,-5.481066,-4.220013,9.704395,-0.544843,2.110384,-9.438098,-2.384821,-8.493881,-4.933022,0.776634,5.469188,-5.901755,-2.142006,2.697472,8.656223,2.021207,4.723434,-4.124550
-5.990608,-3.199323,9.633463,-4.564281,-5.834773,6.868601,1.755695,2.550789,6.810631,-3.725683,-5.229194,-6.659297,0.986668,-0.710259,-0.879310,0.691063,8.744896,-8.768926,1.252966,-3.639924,-7.262807,6.319944,7.136711,8.206381,-9.581812,-5.005296,0.903851,9.074409,7.015911,-4.372714,-5.050140,-8.974698,2.427963,-5.416676,-3.538980,6.593191,-8.548075,8.216717,-0.856020,8.262556,-5.508967,3.914785,-8.396740,5.477700,-6.795474,0.723949,-3.831236,-8.050577,1.955024,7.421730,-1.690501,4.692217,3.741673,-4.553791,2.898597,4.159861,0.440913,-6.197552,3.234271,-2.543177,-0.570267,8.184132,-1.517874,-8.142303,-7.232544,4.943147,8.450886,-5.780619,3.159863,-2.405134,-7.518063,7.650896,-8.490349,-5.914803,3.128596,-5.285823,4.809147,9.297359,-3.336400,-3.235829,6.719090,4.973099,-8.543612,0.460762,-9.580692,4.354984,-5.379377,0.860222,8.157433,7.854895,8.317045,-2.412834,6.039024,-3.200829,-0.555138,8.806480,-8.257682,-2.104251,-6.974139,4.902181
5.490616,-4.492201,2.553077,7.000267,-0.407003,-4.318327,-8.285556,-5.597856,-5.020966,-1.621956,1.166315,-8.301876,-6.648857,2.622704,2.158886,-6.229548,-3.022313,6.779509,4.630672,-4.864880,4.634401,2.947718,2.722286,0.673428,9.746891,-7.832851,-0.520092,-8.510793,0.062899,2.505770,6.391388,-4.446486,8.013569,-1.055535,-7.446219,-2.393435,4.626139,-5.731775,2.008710,9.605171,2.646269,-6.824975,-8.696705,5.997412,5.797728,3.462181,9.767864,-7.224585,0.241690,4.398537,-2.089465,-5.123908,-2.653746,-9.367178,5.549519,-2.906856,-7.200029,-4.970572,-1.417648,2.862869,7.535198,-5.026260,8.416384,5.548765,3.918205,-9.029837,-6.844668,-1.455657,-4.761612,5.164042,-1.850485,7.884657,8.339066,-0.547191,3.882070,4.136793,-7.085009,3.649933,6.912209,3.156680,-1.951530,-5.177256,8.032772,5.394725,-4.544434,3.582292,-7.512131,-1.744463,8.611719,1.070221,-8.881594,6.146915,6.043961,9.534790,1.695682,-0.037834,-9.495048,4.851013,8.506510,-4.256660
0.015055,-3.343977,-6.372003,-1.645879,6.108833,7.510067,-7.509085,9.023823,1.160000,9.403124,2.180504,9.208469,-5.774131,0.213276,4.603194,-0.318564,-6.204433,7.091063,7.936972,-7.592714,-1.838717,9.055378,8.554203,-5.794755,8.590168,0.249884,4.167410,9.095119,-4.899102,2.673920,-5.161540,5.115953,9.329945,-1.533543,-6.529925,5.438776,-4.023476,-4.039010,4.462601,7.136522,-4.635886,-3.356895,6.344992,-0.410017,6.856380,0.948186,9.271418,-9.348052,-1.960751,7.208389,-6.940766,6.200533,6.263769,-8.386564,-9.594222,4.853935,1.863319,4.573188,3.949056,6.964218,-2.752892,8.787516,2.080172,-3.422949,-2.746027,5.550246,-7.984173,3.230496,-8.488765,6.478428,0.367020,-3.124650,-6.878468,-3.287988,6.465332,9.977913,7.660198,5.736751,-9.370140,-4.300553,2.945139,-6.310906,-8.100020,-0.791092,-4.697471,-7.694242,-5.937156,7.165850,6.878946,8.011898,4.130067,-5.873947,6.799416,-3.789762,0.703105,-5.946612,-8.239517,2.718931,7.283884,-6.728281
-0.802640,-2.349096,0.147068,2.318892,4.362916,-3.387599,2.296805,2.023114,-7.650849,2.926665,7.722561,5.294291,6.615759,9.622540,-5.496801,-8.081712,-8.071702,-1.433957,9.084137,8.807243,-3.422058,3.214205,-7.066703,-6.622643,9.424442,3.636402,-2.569255,-8.815075,-3.644666,-5.285371,-5.543356,5.552693,2.365533,4.603712,-2.128415,-3.271551,-8.783887,-9.831610,8.751562,-6.434736,3.095056,6.474123,8.859554,-0.289186,6.096664,-6.637246,1.629104,8.024961,1.928797,0.713240,6.832205,8.506739,-6.072556,9.765503,-8.115905,-6.648114,3.401904,-0.685160,-5.463189,9.757236,4.029469,-1.006545,5.309931,-3.604998,-6.402833,-6.818483,3.123451,-5.186720,-6.650093,1.875013,-1.621456,6.444962,-1.650864,-2.761901,-3.844223,-5.554200,0.600853,7.784880,-7.529239,-7.470350,-1.501879,9.302967,-8.963613,2.425565,9.068468,-7.079517,5.777451,2.470371,2.235323,-9.685738,2.227610,-3.735208,-0.692284,-2.462460,2.659794,2.904883,0.719056,-4.216754,7.718163,4.068964
7.658258,-3.903293,0.513926,-3.992604,3.334806,6.669704,0.453196,-6.064341,4.454583,2.923957,-3.534691,-7.047296,2.226924,-2.498303,5.378269,1.295393,0.422178,1.155720,-6.234236,-7.342499,1.469982,5.993374,-1.077707,-9.222301,-6.469086,-8.417912,3.682583,4.249971,-2.634666,1.400745,-1.681066,-4.976408,7.497452,8.832859,1.030989,0.832258,5.502563,-8.515816,4.767918,-0.042853,4.408141,-8.766774,2.909851,-3.364935,-1.265079,-1.711881,7.930458,9.157101,9.443840,-8.303779,-8.185398,0.913822,7.689594,0.736896,1.691521,-8.779490,2.318983,-4.625897,5.470480,9.684317,6.774847,-6.210586,-5.292091,4.272300,-7.377726,5.738897,-4.895442,8.124838,7.223082,9.872477,-1.918015,1.631223,-8.894299,-9.008165,8.266289,-0.159377,-0.720045,6.196745,-1.002275,-1.276206,7.892967,0.812326,9.637617,5.582562,-8.450778,1.329137,6.803072,3.868206,6.703239,2.273551,3.552523,3.478087,6.062965,8.260431,-2.249613,8.685242,3.999329,2.854946,6.810078,1.222410
2.727421,-5.107938,-7.146367,3.833122,-4.116102,-8.880079,-6.326255,5.163852,7.316666,2.671470,-6.112353,5.209633,-6.516204,-6.474737,0.792194,-4.966982,4.854401,-2.404733,8.901224,1.557640,9.868818,2.453746,-4.964272,5.931786,0.714178,2.786116,4.617024,-5.286493,-4.358939,1.427103,5.935917,8.368483,6.319164,8.789551,2.201604,-7.796937,9.909470,5.875349,7.366915,7.226137,-1.453181,-8.745440,2.435769,2.030615,-5.220176,-6.772036,7.063633,9.634224,0.823232,5.964856,1.191865,0.692051,-1.581397,6.227592,-3.376165,9.132782,-0.986292,-8.759140,-6.153712,4.654770,2.667962,9.782204,3.023252,-1.012872,8.571754,-4.775145,1.190190,8.481224,-8.899795,-1.442894,5.707361,-0.352976,-0.188334,-1.856870,-8.322361,4.591490,1.371096,8.741272,4.225714,-7.805674,4.706129,-4.582420,2.886376,-6.875268,-8.354828,9.510210,-7.742488,0.658880,-9.248929,-3.896201,-4.686350,3.419035,-4.113997,8.336903,-7.593838,-5.542242,-6.438243,3.596354,-7.061018,-5.338037
-7.846541,8.646343,4.308987,1.965124,-3.210526,5.986626,-3.443385,8.160568,4.727898,-9.217670,-9.645104,-0.565973,-3.800091,3.241272,2.558758,-2.154919,2.751483,4.816270,8.503962,3.502554,-9.079930,-6.182388,-3.078412,-3.193927,-7.845486,-0.672250,1.263830,-4.283729,-7.075897,4.202813,0.378233,-4.922439,2.849157,-5.312779,7.042686,9.638632,-9.326154,-6.400699,7.799202,5.401745,-5.618369,8.154095,-5.164228,0.581540,1.395368,7.394529,8.426620,-5.853149,2.210799,6.930582,7.649405,3.130870,-9.251804,-5.429008,9.936941,-7.097291,3.898743,1.200773,-1.381020,6.822845,-4.596414,8.997213,-8.099593,8.252743,-6.315566,8.943092,7.891376,-5.641719,-7.457606,5.690576,9.760025,-3.075975,3.844672,-5.404202,7.505566,-4.759960,-8.009672,5.932186,-0.613110,4.201127,2.862769,-2.963706,-2.668004,3.610964,1.607286,-2.731061,6.513674,-4.493971,8.469713,-4.867347,-7.671125,-6.126701,-5.870133,-5.770719,-7.873957,-2.185699,-6.827626,-9.982581,2.172583,-4.285232
5.707994,1.932608,2.638793,-0.447333,6.528406,0.144358,4.792706,8.518734,-3.923457,-5.820404,2.719861,8.939312,1.215891,-9.948142,2.550277,-7.176823,-2.679203,-0.936051,-1.670794,-4.209491,4.196602,0.658081,-0.336192,8.326469,4.887362,1.789851,-3.859229,8.059738,1.807269,8.313353,-6.225494,-2.484736,0.245962,6.413300,7.067930,-3.225632,-3.442344,1.860637,-4.706899,2.634200,6.040234,8.012962,1.573511,-2.743876,8.064819,-5.876212,0.079300,-4.614383,3.187737,8.408506,1.176126,-2.615661,-0.933412,-9.160067,-4.289191,-6.046049,2.629785,1.851580,-7.986312,-5.562946,0.164933,-4.211806,1.952318,-9.589105,-7.798508,-0.979752,-2.814737,-1.240851,-9.119115,2.478365,-8.606652,6.921118,0.491327,2.966860,-5.822758,-1.443853,7.090647,4.256542,3.941764,0.278385,2.665051,-4.882111,7.662724,-8.268362,-4.042177,-6.626467,-4.314411,8.587606,5.225113,-2.300723,-6.975339,-4.609954,3.487472,4.976978,-4.199059,5.688963,-6.002773,2.986203,-5.551888,-5.121888
-4.535432,-4.158540,-8.200769,5.955894,8.808319,-4.023528,-5.487959,5.898967,-9.766986,8.453804,-3.822649,2.898064,-6.428307,-6.159925,4.629702,-0.470484,-2.786392,-9.684710,-1.882876,-7.561279,-1.985433,1.141785,-2.171233,-8.497962,-3.881237,3.629708,7.191002,0.115991,-3.384089,-8.360888,4.994102,2.080480,-2.519427,6.793331,-1.963626,-3.711109,-7.230196,2.548416,-7.812142,-6.997182,1.002220,-1.634790,5.900881,4.573913,2.205284,0.530582,-5.896571,9.418892,0.845873,2.220552,-8.142386,8.860439,-6.637664,-0.313620,-9.637522,-0.518901,-6.683911,7.553480,9.597090,-0.067999,9.192593,4.591192,-7.987519,-3.326835,1.384524,0.048856,2.962057,4.154328,-7.402729,5.149916,7.157146,3.599491,-6.484876,3.058028,-1.826596,5.720407,-6.411390,2.276833,5.139301,4.434483,-5.502615,6.996914,3.294924,-2.140279,-3.316706,3.657402,7.340820,-0.000617,1.210882,6.937908,9.931383,0.403475,1.529101,-8.056136,7.076641,-7.086375,1.992720,0.038698,7.067953,4.589991
-4.811387,4.225100,-1.810519,-1.296263,-2.716873,6.362885,-5.575854,0.871737,-1.360282,9.563446,-4.693780,3.137102,6.560360,8.601145,-9.003177,-6.756346,2.258547,8.337643,3.243037,-6.530571,5.275553,3.174420,3.872904,-3.195347,5.118285,0.949544,-0.281722,-2.888995,-9.011758,-3.213769,-8.299006,-3.823146,-8.988670,-0.109524,4.880591,-1.705544,-3.746639,9.304737,9.166193,4.893078,8.868183,-5.527586,-1.969820,5.428543,-6.926442,-0.972997,8.672197,5.332104,-2.635353,1.915236,8.801533,-7.359800,-4.910344,2.674437,-0.555147,-9.792059,-6.376019,9.163130,-2.681055,-5.387778,-4.050638,-0.980060,0.789078,-3.039308,8.910416,-4.330332,5.255148,-4.836223,-5.025595,4.421341,-9.943145,-6.157412,8.893755,-1.912965,9.271132,-8.032687,7.114038,7.943329,7.299417,-5.521315,-0.141436,6.100948,-2.881116,4.948220,-1.224614,6.563738,5.156160,2.399366,5.726868,-7.524894,7.011587,-8.323770,1.495047,-2.199335,-1.363078,0.405463,3.470333,-6.107930,5.569240,8.444738
8.313412,5.626095,-7.712673,7.207167,-6.286870,-8.441542,9.174480,-9.172832,9.501787,6.473898,-4.694147,-0.639649,2.574846,2.424737,-5.691429,-8.649768,-1.011525,9.464733,3.749599,-5.284657,-8.060162,0.761186,-3.608427,3.434885,8.561852,5.028496,-6.159652,2.032184,8.920567,9.409588,0.476922,7.233978,5.035682,2.764249,4.441146,8.748810,4.322706,3.615626,9.575979,3.824493,0.089522,-5.118168,-6.815155,-7.335630,7.306570,-2.506584,-5.985399,-3.704956,-3.041852,7.764198,1.010388,-1.102014,-1.474615,7.401960,-7.667129,-2.912764,2.430457,-3.826781,9.119419,1.351024,-4.417193,-0.403658,-1.414998,-9.381513,-7.639410,-6.973853,9.367298,6.683296,6.641773,8.943277,0.507792,-3.268704,-6.174891,3.692636,-0.604335,-8.868322,-8.813948,3.410267,-2.573277,-1.855799,1.174467,8.437111,7.042187,9.699852,5.839071,9.375059,-3.212912,-1.730472,-4.451723,-4.093493,9.620552,1.131084,5.502849,-1.794445,1.749572,7.863440,1.231701,1.116869,4.546737,-2.126525
0.060147,-4.945471,4.604771,3.885256,8.747166,-5.999563,5.016933,9.933218,7.410704,-7.556344,-1.922581,-1.414829,-9.119233,-4.880394,-1.714977,6.719839,-5.505335,5.072109,-5.010633,0.042943,-9.021382,-5.390081,-8.825974,6.481466,2.815474,2.923597,4.344907,-5.952825,-5.959532,-1.108356,1.920650,4.100615,3.946172,-3.474578,-2.014129,2.693337,0.525858,-6.997195,2.626554,-2.063437,-4.553538,-9.296026,6.521734,-3.672772,-4.176420,-5.193244,-6.952934,0.318245,9.878866,-1.963567,-9.638813,-9.142516,2.646352,-8.464787,7.338951,-4.538174,4.458810,1.683856,-0.490999,8.499277,-9.424500,-8.570349,2.599893,4.521671,-2.044928,-9.414236,-2.784991,8.480932,-6.411431,9.841564,-3.582506,-0.964970,-9.454462,-7.060772,5.362258,-3.630882,-2.254016,8.409325,6.687363,-2.375150,-3.554243,7.048550,-1.517666,9.092110,8.583763,-4.178715,-5.446065,3.042573,7.505142,4.062937,1.541852,8.080641,5.492587,-5.858255,2.602312,-6.552340,-5.272492,9.817322,-8.071409,-1.683923
9.658886,-1.653914,7.351109,-9.795576,1.285314,2.713366,-3.426458,9.031298,1.122689,-6.739096,-3.343853,7.568447,-9.690547,5.138481,6.660557,8.893215,-9.040236,-8.785509,1.935788,8.464907,5.277428,-6.522360,6.545547,0.770015,-2.380616,-0.852139,4.217674,2.346892,-1.034818,6.146265,-9.337030,-1.375932,-5.507649,8.014076,-1.171508,5.777664,0.727443,5.402033,4.808961,-8.149868,8.662937,-8.534893,9.418579,8.972391,6.603588,6.079136,7.865606,7.563353,7.293627,-0.198605,6.028259,2.571054,3.279036,2.573806,-6.658932,-9.101581,-8.278334,7.558743,3.245312,0.686848,3.705008,3.908281,9.310917,8.197359,1.922358,-1.860591,3.975023,-7.350200,-6.458557,-1.216016,-5.500068,-7.795619,0.249091,-6.081490,-8.823228,-3.147321,9.997646,9.042379,-5.583969,7.291271,-1.156225,-9.555710,-0.137674,-7.877190,3.018095,3.203393,-6.978771,4.739761,0.762135,6.266541,-4.573390,-5.532856,0.174822,-5.262473,-7.335497,-7.902821,2.876936,6.639526,-5.253021,6.418379
-4.576490,-0.753090,8.622761,5.672600,3.165421,9.799534,-7.474720,3.163066,8.841913,-3.058689,0.454338,-2.314313,-2.614398,-9.683337,-0.191504,-9.596303,3.520056,2.829725,5.143459,-5.717809,-0.903733,-9.429931,-1.250666,9.271088,-4.692404,1.413837,-8.631733,8.184532,-1.946637,-3.884754,4.602913,3.476872,5.362157,3.225674,-0.850527,-1.472423,3.025207,1.674753,-8.309357,1.867119,8.616064,2.144981,9.552807,-3.998334,2.461644,-0.638697,-3.594637,-4.018300,-7.808970,-8.451179,0.263892,1.287296,-7.881109,9.013227,0.558385,-2.573513,0.427064,1.926651,-4.388980,8.480427,8.041899,-9.786068,1.957300,3.404054,3.439606,-8.893227,-8.068369,-3.535188,2.781526,-6.377725,8.331930,1.397591,5.767258,7.884737,7.399256,-1.771098,-2.753959,-6.195380,4.210602,-0.562930,-4.646559,-5.525506,-9.275635,-2.527668,-6.512279,1.282750,4.898819,3.914785,-6.790599,-9.490161,2.395212,-8.748701,-9.276229,-5.647488,4.655353,4.163378,-4.540715,6.586985,-9.371811,8.240812
-9.790741,8.960121,-0.361597,5.976516,6.844858,-2.962341,-5.794583,-5.909102,0.842279,8.416019,3.527967,6.195721,-7.109487,4.252334,-6.331948,-3.621765,-4.464917,8.566872,-9.706980,-1.255516,9.076712,2.688232,-0.004217,9.800482,7.040745,-5.348865,3.963860,-7.499970,-8.761880,4.592048,-9.259159,-8.552621,3.552169,0.379243,7.423895,0.397026,7.416903,-8.370687,4.487925,-1.740819,-9.954668,-1.984108,-5.545099,-7.064155,-7.731775,-1.877047,-0.685920,-2.196692,-3.310175,-0.392900,6.547792,-4.233465,-7.704668,-3.456424,-4.432983,9.336075,1.194712,9.530876,-8.163895,2.432832,4.122925,-7.423054,3.880210,-2.324906,2.956189,1.304106,8.072121,0.373092,2.933417,2.560043,8.632273,2.978749,-9.424065,-6.912826,5.914594,-7.155839,1.210127,-4.771326,0.647470,7.899952,4.835773,-2.804738,-6.333513,7.131104,3.738838,-0.766496,6.467180,-5.066450,-1.235620,8.303286,7.366381,-7.112695,-9.119768,1.246592,0.562399,3.836422,-7.449304,-1.365481,-5.790486,5.484114
-8.805437,-7.158213,-1.537138,-8.229502,-4.071040,-5.622544,-5.385341,7.139088,-0.393869,5.262128,5.039040,-5.558097,-7.542609,8.705526,-8.426992,6.196230,-2.060969,8.040188,-8.870221,6.703411,6.343475,8.496161,9.590717,7.223707,-0.257249,0.153114,1.060129,2.293447,8.787634,5.269643,-2.222439,9.982197,8.111429,6.240423,-8.247306,-5.959610,-9.382121,-3.632647,-8.820522,0.224009,-8.370518,6.218517,4.665913,-5.913127,4.924044,6.238920,-9.716898,-7.136927,4.279109,-8.587119,9.566484,0.622583,9.909040,9.157200,-2.153708,-0.348207,-0.689685,8.906420,-8.054760,-1.902052,4.176063,-0.277199,-1.919855,2.287492,-4.036776,-0.167161,6.327881,-3.418896,6.200191,7.507360,6.805113,7.829674,3.725877,1.471025,-8.083452,-1.350080,-2.290054,-7.800351,1.512994,-8.010945,-6.387470,1.079478,2.611638,-6.478429,0.236678,-9.542069,3.173365,9.546993,9.364351,5.118604,-2.355058,3.540413,-5.158595,5.725087,-4.172094,0.804629,-4.442074,-7.844213,7.385733,-8.241882
9.663147,4.190845,9.587791,3.389024,-4.338129,-8.495661,-7.961056,3.371816,-6.296011,3.551937,5.360870,-2.683480,-5.368585,-2.027491,0.838091,4.868093,-1.569560,-5.988545,4.415087,-2.205210,9.130058,-7.939971,-8.664796,-6.028536,7.785116,-2.836891,4.776094,-6.656958,-0.681103,2.161826,-4.898840,-1.017956,-3.647328,-5.311048,-7.628932,2.014543,-3.806708,-5.589988,-4.613641,-0.102719,7.961948,-9.252770,7.213800,-7.406635,-1.280261,-1.948109,7.461458,7.150179,2.063346,1.876546,-5.055031,1.193405,3.936575,-3.719827,5.164869,1.721691,3.443283,-0.059038,5.064734,-7.237821,-7.897211,-9.834107,1.744224,-1.544539,-5.145155,4.115292,-9.529996,1.048137,8.525303,-4.143637,-9.054583,6.487253,-3.396407,8.159218,9.080618,5.323333,-3.788890,6.542076,2.473512,8.274456,-1.581378,7.418482,-0.532139,-7.644803,-6.301346,-5.367270,4.076889,7.141937,4.573692,-0.858379,9.904116,6.676481,-0.692488,1.648340,-4.868058,4.162358,-4.236368,-4.398054,-4.789505,-5.711064
1.458309,-3.844088,-9.223811,8.061903,-5.684870,9.856808,3.385234,0.526239,6.398884,-4.141254,-1.199305,-5.182494,-6.722773,8.268557,-2.827297,-3.024118,-7.098713,-8.750409,-5.882181,7.474979,0.391212,-5.978065,4.151460,9.698725,5.670276,9.283401,3.861082,-8.566092,-5.114652,9.071577,-4.277155,6.343657,-4.772511,-3.500967,4.405560,-0.457381,-3.644160,-2.209207,-9.931142,-7.245276,3.649539,-1.130445,-2.427771,6.926767,-2.861889,4.744932,-6.097352,0.039397,5.994522,-1.979533,-2.485624,-3.614266,2.042402,-8.334164,-3.915541,-2.287322,-9.050762,9.945541,-0.853414,-4.165414,9.017117,4.869431,-7.821757,-5.755395,-8.631536,6.583801,3.787223,-2.275695,-5.625405,3.856081,0.479029,8.024134,-7.274364,8.051258,4.950900,-0.136253,2.796190,8.853548,9.903143,-1.209287,-3.125986,-2.582480,5.176448,8.916416,-0.916644,-8.739094,-3.370905,0.032595,-8.793553,5.775681,5.867180,-9.776438,0.645113,8.045422,-5.531833,2.013577,4.629223,8.255390,9.737883,9.003819
2.111472,0.216911,7.027952,4.837107,-1.731832,1.978853,-5.299147,-8.935641,0.832400,-5.396003,-0.144928,7.706415,2.021517,-4.968481,6.622831,-8.895127,-3.707575,-6.748074,1.137466,-2.501128,9.027607,-2.995354,-2.277565,-0.327280,-4.949932,2.190601,-8.313703,9.679293,0.445992,-8.575820,8.683111,-7.442537,1.641091,5.711063,7.394569,9.909260,-2.310084,-7.904577,-9.026382,8.522316,-3.300581,0.828690,6.228731,8.720936,5.860209,2.851562,9.825809,-7.847365,6.103489,0.963276,-0.348494,5.131096,7.967922,7.373940,-5.196184,-6.982011,-0.435458,-3.509886,-7.302718,-9.989467,-2.085706,-8.619608,-7.432004,9.555386,7.091455,9.962566,9.464643,-5.218629,-7.942012,-9.561738,-6.696312,-1.242592,1.266952,9.532419,-2.521656,-2.872839,2.383981,-2.695847,-0.720204,-1.512530,8.267429,8.931301,-6.381434,6.235350,6.305241,-1.577618,9.253340,-4.130217,4.912496,-8.049379,-4.119683,-7.173210,-6.668987,-1.551687,-7.617826,-9.577532,-1.589122,-8.153182,-4.796161,0.468866
-7.714920,-1.492473,9.226274,3.552032,-1.960053,-3.295381,-9.320807,-9.576073,4.008772,-0.041012,-1.088602,2.276201,-1.109711,2.529963,-1.488449,-4.804469,-9.047655,-2.235110,1.065315,5.864841,-0.284489,6.945631,8.691631,3.046523,-4.606057,-8.926194,3.468992,3.804821,-7.079376,8.672832,-5.726313,-4.794295,-2.819641,-6.500038,8.757736,5.220306,0.204581,9.436930,5.644234,-5.786646,-0.604082,-5.444369,6.489555,8.286207,7.085594,-4.998894,-6.518261,8.037939,2.765997,4.547053,3.902781,-7.518493,1.492683,2.594412,5.528031,6.886627,3.668218,-1.002976,0.691448,6.588842,-2.330144,4.965136,-8.205454,4.850216,8.465097,-9.447718,0.070522,-1.330320,9.989212,-4.285245,2.883034,-0.614871,0.270387,-0.627411,-2.328664,-2.644019,4.373695,1.153074,-4.606080,-2.860308,-4.299872,9.296701,-0.378800,7.192812,1.891113,-4.850769,4.079438,-4.440670,4.146254,-5.229113,-7.851828,-8.183889,9.736023,-6.057282,6.666325,8.201120,-5.505000,-3.263153,-3.129199,-5.515789
2.451602,9.753834,3.869341,-7.278011,-0.873576,-8.459323,0.077971,-6.499882,2.693752,5.471889,0.639811,8.393879,4.768591,-9.738990,5.586691,-3.340296,-4.589759,-0.333870,2.219034,9.556496,4.437017,4.367207,-8.627395,4.173040,8.309925,8.038931,2.374162,-7.195076,-5.224222,9.244961,-2.710864,7.227381,8.998796,-8.841523,9.949369,-1.874780,-7.300846,0.027338,1.625339,5.392905,-4.500771,-7.734851,3.786784,-9.732180,-7.473841,-0.626525,-3.072476,-2.063601,9.039606,9.146559,-2.507105,3.476622,3.513765,-1.134500,-2.350338,1.823690,-3.095569,-9.976176,4.628614,1.680208,9.268785,-8.082250,-1.092411,8.267582,-6.923773,-1.143042,-3.607198,-4.224619,8.884296,8.018141,-8.831714,-5.616475,-9.716710,4.955071,-5.348655,-7.190551,-5.671454,1.578870,0.745849,-6.631848,0.725428,8.238743,6.844772,-5.760807,-2.895756,-5.505564,6.062883,4.008675,-5.481740,0.691498,-4.311117,-6.212955,2.609248,4.596472,-7.945373,5.685476,-6.546570,-1.552570,-8.539144,-7.662273
-3.534430,-7.370857,-3.278749,-3.251140,7.584213,1.372597,-0.441690,-8.087240,-7.048533,-9.695842,-4.719089,3.676895,8.542902,-7.874314,7.916088,-4.352855,-3.379879,3.978971,9.655819,1.138381,-5.329531,-4.655298,4.925426,7.279716,9.941174,6.980055,2.965193,-6.605396,-4.572516,4.426049,-4.267670,1.893054,7.055191,2.453583,8.641914,4.639406,-6.173820,-1.799776,6.552166,-3.222354,-1.495618,-8.166923,-9.545460,-2.952716,-6.041238,8.370630,2.694427,0.578884,2.349601,2.350248,-8.282735,7.020069,7.694950,6.642693,4.299788,7.636124,3.622746,-2.735021,-8.969273,9.050230,-8.308971,-3.236942,0.943284,8.746222,9.216640,-0.414801,3.385628,-6.957181,7.785423,-0.062207,-0.179535,-3.710194,1.770869,0.275005,3.337089,5.729631,-1.354365,-3.968482,-3.691484,-9.004765,8.381765,-1.974219,8.015305,6.076715,-5.331527,2.315092,3.712839,8.291218,9.580070,4.743567,7.341450,-8.728899,-8.493376,-1.715267,-9.982678,-9.276735,7.869932,3.402948,-6.233916,5.655356
-6.659260,3.586549,-8.054838,5.111609,-6.138446,5.282251,0.841242,2.507189,-8.686231,7.149757,3.502424,9.695534,-4.824462,1.517729,5.772249,-0.155989,-6.167179,-0.514911,-1.864770,-6.587108,-5.771344,-4.523321,-5.316007,-4.264719,3.761412,-5.298686,-3.541455,1.631346,8.104263,0.224628,-2.713298,-8.554996,-6.188823,-0.768136,6.556614,-2.327268,-5.485885,-2.602146,-9.820080,-4.172116,-5.452389,3.682345,-4.476581,-0.276851,-4.799926,-8.704331,9.567162,-0.967106,0.780758,-2.297610,2.445787,5.009414,3.179069,7.129780,-9.255305,-3.059519,-8.168906,-2.796760,8.571827,9.935356,7.427868,-4.141472,-8.619640,-8.760954,5.090391,7.936972,-1.088222,9.604507,-4.665174,-0.908300,-4.567609,-0.117561,-7.225956,0.955810,9.605587,-2.025883,2.251478,9.172749,7.007011,-6.967763,-3.124862,-0.547201,8.041651,-9.945793,-3.417422,8.786346,-3.005312,-1.586329,-4.010413,-4.433486,-1.650972,-6.582544,1.425042,-0.270614,-5.343498,-3.484566,-2.333641,3.568281,-3.880060,3.001185
-7.340020,1.552332,-7.116376,-4.565977,-7.491859,-7.510789,3.408141,4.759621,-8.338040,0.415153,7.791859,-1.462902,9.867950,5.833509,-1.408695,-3.549471,4.619855,5.585993,4.864201,-9.390558,-8.847494,-6.786773,-5.973103,2.577548,2.942615,-1.316601,9.092981,-9.391026,-7.748320,-4.787078,3.610159,-5.088340,6.765253,6.493782,0.345683,9.273394,8.982994,-6.246176,4.033014,-9.355047,4.168977,1.824871,-0.817949,4.036927,-2.341619,7.773354,-9.512544,-7.721765,3.359346,5.351657,-7.112324,4.511853,8.564884,-3.085426,-2.910599,1.507498,5.597973,-3.817617,2.116471,7.849653,1.395306,-4.273371,-7.238686,-1.839441,-7.779589,3.106998,-2.566047,-8.796595,6.860823,-8.533033,-8.151642,1.029799,3.291840,1.030408,-4.933274,-9.049781,-1.196238,-4.445817,-6.771546,-7.836891,-9.094162,-3.883870,6.674961,9.470722,3.030704,-6.235637,0.978220,-1.371323,-0.053254,-6.905309,-3.521668,-8.657949,-1.178679,-0.760354,-0.497391,1.041732,-7.653357,6.936562,2.245136,9.207466
8.403528,4.093494,0.237264,1.695367,-4.876098,5.303989,2.645587,3.927665,-9.141828,5.874042,6.090773,-8.235989,-8.009829,2.765734,-8.765267,5.020876,6.530098,2.212953,-6.350446,-3.523157,5.307644,0.127886,-2.181106,-5.871037,9.367531,7.321503,5.170696,-8.285826,4.258064,-2.584167,-9.078360,2.661592,-8.490673,1.158904,-5.643040,-3.366771,-3.537106,7.002546,-9.439106,-2.678933,2.876588,6.651667,-0.914922,4.866758,-0.582599,0.319811,-0.112365,-4.052501,-7.467237,3.537189,2.424343,7.840406,-6.334926,-9.756764,-8.030629,-6.967395,7.564739,7.140066,-5.253220,1.822803,-5.444100,-4.331580,-5.515605,-3.934773,6.827324,-1.158645,2.698456,-6.709781,-4.156098,3.259350,0.611286,8.720490,-0.088984,9.696365,3.587248,9.328419,0.016174,-6.525116,-4.724082,2.548939,7.012074,7.700260,0.389346,-9.322854,7.943495,2.358717,-6.290249,5.508234,-0.501216,-1.543468,-2.668963,4.054684,4.124951,1.815433,-9.880090,0.952276,-9.343213,2.818366,4.242495,-3.499311
-3.922283,-5.146219,-4.778821,5.988733,-5.449856,8.808426,5.317153,4.566319,-7.716689,-9.406930,-2.884742,9.295383,8.293331,7.504604,9.972530,6.236826,-0.136679,-6.317719,1.745061,9.362104,2.138813,9.076097,3.416788,-3.736236,0.891529,3.536700,7.216040,1.548317,-3.644934,1.458534,8.049006,2.432783,6.312315,-6.729816,-1.578483,-9.137541,-7.921389,-6.261330,5.428778,-5.638078,-5.668260,-7.455964,-6.342695,-7.374929,-9.951360,-6.370165,8.861897,-0.088038,-2.687884,0.606957,-0.725933,9.450928,-0.316945,-7.309144,-4.285309,-9.425416,6.227554,-7.069269,2.122900,-7.417378,4.389266,0.171905,5.015406,0.701580,3.442088,-6.563077,1.564040,5.520700,-2.824408,-3.007182,9.882622,1.507332,-0.463145,-6.460073,4.132403,-0.414505,-2.830238,2.994300,9.497456,4.481877,-6.398742,-1.228477,3.932805,3.284312,1.462379,9.647497,3.858896,-2.310064,-7.421772,-4.018204,0.272558,6.967493,6.153702,-4.712037,-2.330925,-0.404210,-1.275114,9.233114,-4.883511,5.900478
-3.774068,-5.000888,-2.592189,5.762787,-1.460961,-8.459785,-4.651719,5.708800,4.534513,-5.154262,0.190679,8.135773,3.617262,-5.876516,1.420084,-4.920358,-6.229019,-4.721019,2.769577,-3.650791,1.260777,-6.957864,-6.683297,-2.585522,-1.669901,0.985777,7.010267,7.054985,0.218891,-7.873242,2.955463,6.444822,-2.874131,-9.636726,2.207609,5.664909,-8.096513,7.555889,1.373710,6.438002,-7.598372,-8.435612,4.573774,6.018890,-4.312129,-4.006142,-8.901468,-0.541147,1.272840,3.868111,5.808062,-7.466383,6.910246,9.124763,-0.051906,-4.759655,0.110541,-3.041637,-7.704671,-9.670568,-0.914880,5.250792,6.774256,6.210991,5.614065,-1.018135,1.875898,7.517551,-3.462245,-6.750392,3.955554,-1.060616,-5.186004,-1.470672,-5.041726,0.501867,4.523187,-3.943194,9.960720,-4.203974,9.924915,5.768781,-1.670358,6.835161,4.893545,8.277737,-7.924494,-4.995914,-4.763901,-5.629165,-4.666481,4.321220,9.621626,-7.892226,0.532209,5.235691,1.089639,-7.591892,2.753243,7.627394
-4.342284,-3.291203,-3.433223,0.471711,5.238125,1.525050,-9.026421,-0.238688,7.581856,-9.065701,5.557338,7.506773,6.703079,-6.113019,4.341934,1.596624,-7.835283,6.417440,6.600712,-2.599183,-9.211725,-8.065769,-8.277964,-9.590098,-5.957995,2.254247,5.645592,5.131643,4.662354,-1.601164,2.759036,-9.679930,5.107633,9.325813,0.791782,0.345758,0.850863,1.765361,-9.892930,-1.567280,2.699660,5.664408,-4.060507,-0.597260,9.551388,-9.718573,-9.000635,-8.283895,6.698868,7.600077,-0.883078,7.487143,9.534307,0.838958,7.897043,-6.423688,-6.906796,3.542635,8.707954,7.755560,-8.058529,1.466990,8.075630,7.049103,0.792804,-1.132588,-2.605139,-8.356333,-9.367228,-2.498069,0.076388,3.332433,-6.833662,6.015881,-7.264828,-7.282274,6.297308,-6.265463,-5.566168,2.996176,-8.665386,3.550754,0.483317,-9.131078,-5.610288,-1.619640,-5.554766,-2.517083,-8.077004,-6.846811,-4.761524,-6.135534,4.620180,-6.685894,-9.086431,-4.587016,2.181517,-1.691569,-2.943348,2.814289
5.810361,7.133041,-3.853279,8.976700,3.148922,-1.118107,-8.305574,-0.553771,2.616430,-3.871744,-7.557595,3.951044,9.679010,2.925721,4.819966,-5.931278,-8.693918,9.265200,1.551639,-6.770923,-7.581611,6.790115,-2.906457,7.038570,-9.895780,-1.992887,-7.548446,2.285737,6.315542,-0.491795,-4.899973,2.125902,-3.358754,1.246748,1.102601,9.790169,-9.871359,2.797027,-0.763603,2.745071,8.925283,1.678802,-3.303885,8.604294,-5.395477,-8.483918,-7.326984,-4.089396,-9.218718,4.224654,-0.860319,-6.800328,1.014769,6.233223,-9.761759,1.118990,-5.759664,-7.310205,-6.595273,-9.444122,2.198001,-1.495246,2.681780,8.839247,9.751501,-6.215618,8.629416,9.880144,6.581408,-2.134189,2.625214,5.506691,9.544613,9.321331,4.110985,-5.850864,-9.162588,6.783998,0.059739,-8.381306,1.008654,9.199421,-5.181633,-7.976577,5.432645,-4.943392,3.142413,9.672981,-2.253597,6.547140,-9.771142,9.944405,-4.948106,2.910639,8.783651,-5.196605,6.695021,7.413067,-5.316462,3.276429
-4.721122,7.308752,-1.216880,-5.176510,6.630081,-7.105896,-1.027375,7.467495,9.678104,9.032366,9.086189,0.686758,8.231787,-6.095444,2.710181,3.664431,-1.038836,-4.147406,3.337412,6.707567,-7.600266,3.566270,6.651972,-2.548373,-3.523092,5.435623,2.255021,-6.828072,2.848690,6.938560,6.448357,8.127567,4.247313,-4.768523,-7.048943,0.877395,-1.874418,1.923683,-1.655110,-2.196314,0.956048,-2.568921,8.490444,-0.812166,1.335635,1.200624,-7.147736,-9.703201,7.053219,6.189674,7.004366,9.452951,-0.244055,3.656338,-3.095421,6.232853,-0.908039,9.159601,9.404781,-8.059350,6.098160,5.853139,-9.931783,0.345472,-8.915383,-6.980726,-8.777133,-0.789802,4.942956,-0.432244,7.013884,-4.100996,6.998835,5.504327,5.086838,-1.665529,-3.295049,7.939102,-1.368731,-6.241830,4.128778,-4.364365,-6.788878,-6.115277,9.291973,0.115701,-9.882423,-1.616067,-0.724699,9.522358,0.324584,-4.626539,5.375498,0.392800,5.718933,6.460115,3.412075,6.941799,-4.329687,-1.644968
-3.490444,-7.315804,4.254036,-6.491609,8.188522,-0.659126,1.842861,-5.106525,-2.720025,-9.525869,-1.348354,-8.591248,-3.890234,1.862766,-4.706525,-4.598262,-8.021532,-4.588948,3.785672,1.253768,-5.066590,-5.889744,6.627230,-9.691092,4.503057,2.346163,6.769022,-2.084868,-0.712036,-7.560666,6.270163,5.797520,-4.876470,0.524199,9.305912,-6.687946,9.865072,1.148772,-1.794471,-2.854952,1.622904,6.857174,-1.446199,7.732670,-1.280059,3.847276,-6.865593,0.698409,9.258327,6.920078,-8.047822,-5.808262,-8.969666,8.579409,-5.499354,5.533391,0.925570,-8.730333,-6.551476,-9.786466,-6.290999,9.718687,6.011055,-1.167469,0.242887,5.316964,2.144585,0.107958,-3.534263,-9.649886,7.253006,8.088640,7.207289,-4.193192,5.821309,-4.072770,9.654083,8.955715,6.625639,8.912413,5.875796,8.577816,-6.895851,6.906130,7.157225,-2.395205,2.439522,-1.917204,-1.125538,5.888044,-1.703670,2.583464,5.606732,-5.692616,-8.584005,-4.150382,9.624350,3.560579,5.957577,-3.909913
3.910693,3.210584,-5.821273,1.117982,9.017389,-9.999964,7.045212,8.671474,8.955753,3.670851,7.583885,4.831548,2.248668,-9.311965,1.737679,-0.594108,-1.707170,-5.822800,7.488688,7.167292,-9.934754,-4.214981,-0.249246,5.671977,0.092402,1.166749,-8.478405,-0.283248,-5.272673,7.479172,5.806838,8.638021,0.689755,9.985565,-0.243998,-0.292853,9.985601,-3.198786,-1.621380,8.941355,-9.527935,-4.037495,3.772902,2.720733,-3.349460,-4.489419,-7.873375,4.943370,-0.312219,9.615314,2.110662,-0.246973,-4.599667,-8.138584,-4.574996,5.492736,3.028164,-3.053401,-4.790512,7.755491,-5.574228,-8.983673,6.393513,5.115527,-8.998108,-3.850485,-5.177327,-9.012506,2.950729,3.201294,9.928848,3.422794,9.163799,3.701752,-3.856473,-4.185660,9.212334,-1.729848,-9.242290,-1.099886,-2.114534,2.868371,8.653141,3.285799,4.729787,-5.921855,-1.221465,-2.242050,1.024744,3.988023,-4.486558,5.450516,5.004349,-8.093045,0.566043,6.006243,-1.943530,5.388717,6.993736,-8.992801
-1.409989,6.922585,4.429994,-2.246190,0.624336,-9.426479,3.568149,-0.163331,-1.156327,4.325858,8.736784,6.729139,-2.805771,7.389925,0.014938,-8.075984,-8.531931,8.793472,-0.318033,2.492814,2.781495,5.195409,-2.056670,-2.214156,7.102364,8.509373,-6.207914,-4.841166,3.898090,-9.214178,-3.833967,-7.511900,7.708406,-9.403974,0.241910,-1.667257,-8.830453,-6.189941,8.169411,0.013220,8.135918,6.906197,-3.257641,-4.669853,4.296121,6.757298,-2.745837,5.764190,5.550770,6.936131,-1.742996,-1.667735,2.131539,6.200335,6.118109,-0.766097,4.709707,9.910194,4.392737,-1.392203,-9.303983,-9.441230,1.095897,8.404423,-8.845203,-8.662193,-3.262834,-7.675656,-4.852134,-5.093422,2.337564,-6.716217,-8.187226,9.079924,-1.386069,6.108892,5.837220,5.868093,1.873083,1.387989,2.804223,-9.869913,9.720255,-5.064237,6.330421,5.838365,4.169665,1.040127,5.748559,-1.437596,9.647924,6.444576,-0.878826,0.743822,4.849000,0.275970,2.081629,-8.413834,2.600315,7.229496
-3.507256,-5.062121,-9.486722,-1.694482,-5.982198,-0.872791,-5.585589,9.855022,-5.004697,6.287495,1.243013,7.799526,6.417582,0.963268,-7.264710,2.748002,-3.198368,6.904955,-6.211871,-7.449808,-4.532642,-6.563947,8.994768,4.588532,4.179874,3.843769,-5.135497,-3.738496,5.429935,7.464817,-6.509002,-8.077320,-7.597303,-5.995724,0.228197,-3.579501,3.131485,4.642609,-3.724479,8.126789,0.930103,7.518536,5.926314,-2.652316,-1.518198,8.661604,-9.904314,5.283434,5.566559,-6.116185,7.833626,-8.966083,-2.680132,6.828396,5.622449,-8.500257,0.672164,-9.513048,-2.238753,-3.897901,7.951771,1.252245,-1.975222,-9.645534,5.256520,8.252975,-3.225035,-1.611994,2.895584,3.050488,-3.485206,-6.174313,0.569021,-7.558891,1.173371,9.050823,-8.897288,1.269056,4.334257,6.669271,5.152870,2.167883,7.703188,-7.527261,-1.003722,3.325636,-6.027518,9.668442,3.812589,1.733727,-4.229459,1.764359,-7.014028,3.795320,2.118825,8.242493,2.048296,8.893791,-3.369501,-5.056121
1.944279,3.145293,-1.230433,-7.486701,5.586403,9.942936,-8.435878,6.689114,1.211994,5.898379,3.358384,-3.635135,-1.933737,1.061572,-1.162396,7.062542,-5.612791,2.810085,6.730984,8.199799,-5.456187,-7.498476,-0.035843,-2.470214,6.296843,-7.917018,-4.227721,-1.654861,-9.023228,2.402778,3.289018,2.921051,-4.451928,-7.941416,5.434350,-8.865526,-7.998478,6.998472,7.823587,3.213515,2.896852,1.181973,9.578379,-9.036885,-7.756456,-1.584017,8.025656,-3.369248,-8.773932,4.756639,-5.169450,-4.230118,7.258163,4.794706,3.299666,3.555007,6.877687,9.071945,-8.099855,7.854462,1.474724,5.189162,0.775511,7.022797,7.247747,-3.790138,8.157269,9.249269,-6.791666,5.980856,2.462784,6.105186,-2.837172,2.041164,7.068302,-0.593629,-9.542852,5.093957,6.037123,-8.316784,-0.149404,-9.132326,-2.546902,-2.891241,5.662380,-9.247235,-9.336234,2.540069,9.824711,-7.436090,0.394530,1.299435,7.753075,-8.829959,-1.677770,5.000821,-2.620097,-3.520501,4.250090,0.588237
-7.539644,-3.287126,-3.306576,-0.376817,8.754038,-6.238275,9.029554,9.211185,8.855682,5.066679,-9.105598,-1.293722,5.934352,-1.652500,5.815038,1.596732,-0.899735,6.478804,-5.863199,-1.075025,9.042713,4.531330,-9.775590,6.795786,5.701371,-1.453360,1.796608,-6.918725,5.026140,-3.953302,3.669512,7.486496,2.759572,-9.637063,-2.890320,1.513610,-5.875339,-3.860765,0.724796,-7.019657,-8.794087,1.619197,1.686622,7.140265,9.966698,-2.498341,-1.263004,-0.933039,-6.019538,2.873797,7.991936,-6.976825,-2.594872,8.216347,9.818962,-6.893501,-3.237013,1.615571,-3.812225,-8.210873,7.662270,9.857288,9.275623,0.421841,-9.779777,-3.614697,-8.064548,-5.655115,2.524537,2.660247,-2.674771,3.730450,-5.720555,9.011850,0.870713,-5.753858,-3.486491,9.607710,3.313104,0.493971,2.481507,1.305040,3.517146,9.886635,-0.478612,3.336109,-7.006866,6.284374,-5.048320,-0.819093,8.073503,-7.386051,-0.961805,7.349125,3.035789,-0.741581,-6.265572,4.971242,3.603305,6.258966
-2.368511,-9.071466,-0.010586,1.910934,9.940384,-9.139873,6.157076,-3.546107,-9.532163,-0.529819,6.947865,2.949344,-9.224779,0.465012,2.835978,0.296608,-6.198880,5.829111,-3.419017,-1.247200,-4.989981,-5.345514,1.366749,4.048214,-7.996389,-5.597461,-6.693367,-4.261961,9.373781,6.909939,-8.002995,-2.994730,7.838470,1.986419,8.916203,7.778854,2.846546,5.073279,-5.767252,3.314384,-5.456541,-8.819387,-3.736272,-4.681320,1.645623,9.099705,5.615288,5.446744,4.928817,-7.803728,-5.800457,9.938835,-3.149243,5.566293,3.987049,-1.145632,9.968832,7.293682,4.592408,9.342611,4.203620,6.589413,-3.652119,2.042091,-1.424169,-4.735916,-0.179054,-8.577621,-9.662636,4.053693,4.736762,-5.119176,5.234304,-8.999510,0.199504,-3.120072,-9.899805,-4.185208,-7.673328,5.029011,-1.988936,-3.473785,4.967846,4.861821,-7.907493,-1.045105,-6.283811,-7.938661,-3.751423,8.308598,-8.596048,-9.547803,4.898010,-2.248168,2.494287,-6.526158,3.015918,-7.684768,-5.103780,3.353281
6.368925,9.632984,8.234104,1.603230,-9.366528,-1.566392,8.483158,-9.266332,4.248401,-9.190170,5.762680,-7.740536,-2.663956,0.730525,7.121284,-0.571448,9.685421,-9.162525,1.489891,-4.066002,9.146072,2.893843,-3.613806,4.044083,-9.354325,8.880482,7.517923,3.661592,-8.804286,-7.585856,-2.985127,7.564638,-7.952873,-4.751023,-0.832132,-7.319401,3.682586,-2.348974,-6.585732,-2.069015,-1.539145,9.176947,0.190450,5.796900,-0.092527,-2.688265,-4.774549,-0.407106,-1.850790,6.715342,5.526891,-2.704719,-0.390816,-8.086915,-8.660637,0.254859,-9.206433,8.857286,-6.083549,-8.010719,-8.728570,0.931324,9.553919,-6.681443,6.180302,-1.278214,-4.000843,-0.137114,6.372812,-0.586576,7.793873,-5.166332,-1.409629,-2.015677,-9.369432,8.497845,5.296058,-4.143981,-1.909264,-6.554732,-7.428638,-6.382373,0.740548,2.180546,-4.469287,2.079912,-7.564595,-3.675721,0.937199,-3.648145,-1.686440,2.208629,7.283178,-2.132521,5.527186,3.463479,6.589266,-8.473658,-6.673635,2.962079
0.939768,-8.879763,7.795746,9.530138,-0.895440,8.426315,8.027981,-5.599383,-5.717667,-3.881282,-2.154116,-3.146306,-0.263655,8.586433,9.034241,5.267057,0.666346,-8.530355,-8.408663,-8.396456,-2.178500,-0.095103,3.812172,-4.895320,7.772375,-0.660641,8.568159,4.361640,0.865702,-8.105475,-2.676281,-8.194531,-6.985238,-4.880534,-8.664393,2.119322,-6.454220,9.363588,6.519939,-2.171886,-4.517694,-5.634176,4.681808,5.218651,-7.047743,3.716048,0.485708,3.618603,5.185694,2.077046,5.222147,-6.992806,-8.018057,-0.965680,-1.888126,9.754318,8.373678,-3.319968,4.115959,-0.760620,-1.425444,-8.560322,1.044849,1.589318,-3.440856,2.380456,-6.291359,0.104924,1.744043,-9.771420,7.933037,7.226349,-5.405595,2.614845,2.445001,-2.453338,-3.669107,-7.069290,-8.834735,-8.483414,5.007755,6.387411,-5.476221,6.989700,-4.578269,2.635653,6.744019,-6.204591,9.315685,0.859976,3.034790,-2.109759,2.299654,-5.920362,9.479561,8.858797,6.460093,-6.811798,-1.036278,-1.795864
-6.583218,-3.103241,-4.569514,-1.988813,9.511604,7.875486,5.557850,-4.157503,-9.193804,6.723114,-2.640917,5.813952,3.110525,1.882863,2.803652,8.532255,-5.481485,-0.452331,-7.672335,-6.165800,-9.592355,5.362454,1.724442,2.707300,9.442093,1.204002,1.566097,5.902184,4.392203,-9.470180,-5.893679,7.808987,-2.573421,-0.463194,-4.179828,-3.061817,-2.587707,-8.621979,2.780681,-1.781510,8.101135,-9.860236,-5.967558,1.211661,2.022627,6.836094,-0.256083,6.541142,-3.616237,2.071582,-9.624659,-3.208591,-2.565964,2.099783,9.498709,-3.123872,-6.696215,1.064806,-7.221687,7.695988,1.594627,-3.115367,5.504974,9.021206,6.421440,-8.674853,-4.040611,-6.166267,-7.296832,8.740070,2.052222,-9.195697,8.879833,6.084663,2.015964,0.902461,2.920757,-8.240119,-2.556398,9.304522,3.831463,-2.181056,-3.904071,-8.734502,9.918726,-4.405362,-1.858374,-6.777489,6.659445,0.919938,-9.081501,-1.745929,7.804571,6.423473,-2.724724,4.226012,7.748619,3.234665,8.059746,-9.548213
