1.974735,0.111967,-8.743910,0.854569,-3.803369,3.272055,-8.242970,9.117390,5.031935,-0.799369,8.421909,-1.136602,7.019575,-5.482161,0.128897,6.938301,0.112476,8.270521,-9.839188,-3.228079,-0.809540,-8.920689,5.025991,-3.004968,7.502785,-7.698732,-8.778956,5.251403,5.535934,9.280788,5.703191,-2.489331,-0.607244,6.959282,8.365238,5.589386,0.231337,-9.877732,4.706775,-4.736729,-0.677101,3.128685,4.126668,-3.657526,7.646524,-5.744436,-6.719224,-2.240999,-7.473914,-6.558412,4.530922,1.716546,-5.479101,-0.443086,8.711578,-7.976316,1.858182,9.932621,7.275087,-2.605884,9.213411,2.978277,4.904785,-1.393834,-0.062441,3.270024,-5.804448,-9.831105,3.392291,8.902328,-4.567834,-7.284809,2.031013,9.558834,-0.942335,-0.322463,-6.185602,2.338440,7.436539,-3.659516,5.780028,1.967461,8.057030,-9.699072,-8.475624,6.768608,-7.675388,3.382558,6.701229,9.599699,-9.223326,5.914640,2.577976,5.681458,-5.479194,-7.484465,-1.048517,-1.283642,-7.315571,-7.656226
-2.381315,-1.883405,-4.941035,9.649698,-2.324571,4.116630,-0.672764,1.489828,-3.544930,-3.236226,7.830313,-7.764901,8.731236,5.887342,-7.463973,-9.744390,2.655951,-5.139361,3.638168,-0.642820,-5.539662,4.414843,-4.728179,7.038313,0.096302,-0.207375,9.553848,9.047785,8.508984,-7.761722,-8.608441,-3.872330,0.354873,-3.549476,-4.222632,8.030302,-9.432847,5.104604,-0.479871,-2.977777,-8.131622,-2.649558,-0.742678,-9.400387,-6.762216,1.793350,-9.144775,5.893735,6.653988,4.493393,-4.749085,-8.885674,-1.091764,0.522736,8.152639,9.004538,-9.684639,7.706488,8.052322,8.824345,9.944767,9.443880,-5.047985,0.299640,-4.105597,0.729382,-1.670058,-3.538443,-4.166014,7.850071,3.483781,-2.297636,-4.799487,-7.258897,-1.698023,-1.561703,4.534453,-0.842798,-5.667969,1.188441,-6.349405,-0.417055,2.302769,2.558831,-9.894320,0.455408,1.563368,-9.578959,-1.838103,-0.384311,9.245386,-1.893337,-0.940430,-5.802599,8.406301,4.953974,4.926783,-3.263757,-8.584469,-9.239230
-5.413685,4.899311,-1.536866,-0.213173,7.640415,6.765112,8.225124,2.174869,-4.077686,-7.442845,-6.636690,-0.427092,2.140100,5.666079,-7.868260,2.245780,-3.878513,3.695107,2.666821,4.283382,-6.689202,1.912208,-7.609954,2.370368,6.109608,-9.203652,-2.675658,1.036391,-2.467409,-1.260128,1.797161,2.118906,-6.360816,-9.739705,-8.094267,-8.720402,7.025406,-9.869143,3.454467,-7.052279,-7.311988,6.817778,2.520629,4.828112,2.483855,4.652369,-2.926107,8.605343,-1.652523,9.740713,2.888726,1.658276,1.652922,5.278770,-5.971357,-2.237470,6.075119,1.352983,8.798922,-6.392290,-9.907144,0.596084,5.726615,-6.267960,0.856379,7.632349,-4.988361,-2.118215,7.763206,8.466106,0.829506,-9.548782,5.283882,-6.649865,5.279330,-2.232261,8.002506,-7.646778,-3.626919,-3.650017,-7.906064,9.261806,8.008257,3.746858,4.540578,-7.963099,-8.490612,0.615697,3.389885,-9.691690,4.223408,3.482741,0.904393,-0.049976,7.214781,-8.239228,-2.417628,-7.773581,-0.357443,-4.654423
-9.307476,-9.527937,-4.203205,5.976408,-6.177802,-8.923876,-6.255855,-8.175297,-6.570654,0.117227,-1.825315,-4.476718,-0.620966,-3.817057,9.270140,-6.080388,-1.780156,-9.220472,4.535311,-8.390272,-8.912163,-1.241282,5.092469,1.992230,8.708740,2.307251,3.753003,-3.708888,4.533670,-6.604441,1.636690,5.226193,-6.132378,7.433483,1.202601,-2.310180,8.509609,4.946747,-0.485476,-8.061046,-4.936027,7.689209,-2.537764,4.443007,-6.127849,-3.267624,8.362619,2.091994,-2.488096,2.897929,3.701723,-1.400259,-8.343353,-1.205808,-9.408028,-9.634613,-8.898558,4.344975,-3.343501,5.635113,7.740534,8.293188,0.861306,-8.391844,5.726672,-7.936093,-0.702023,4.236280,7.010654,8.812500,6.175236,-7.925373,6.501709,-6.362529,6.517635,-9.626141,0.369846,4.880255,2.465855,7.881752,-2.221817,-3.832423,-3.518508,-0.565170,4.961769,-2.926536,-0.199784,6.063211,-8.581561,6.456715,1.698323,9.158974,4.749904,-7.440371,-9.232870,0.476576,-5.376463,0.065107,-5.287143,-8.365809
-1.122393,-9.111908,-6.291182,-4.620684,-5.474436,-9.773547,-4.246824,4.895411,5.106707,8.219030,2.777162,-7.115110,-5.613393,9.258654,2.319718,9.348377,-3.667883,-7.880065,5.411588,-2.249444,8.576651,-2.890089,-3.090470,3.326554,-0.330460,-2.323340,-6.196870,4.293077,7.741768,-1.484013,5.927268,-3.380626,-0.595921,9.636086,1.998691,3.929644,9.862539,7.751867,-1.174946,4.969244,5.970897,-8.397784,7.854134,-9.642496,-9.139131,0.173853,9.705881,-2.807014,2.293788,5.117469,4.943543,0.870438,-7.772620,-8.146927,-5.803008,1.896920,-0.470267,-1.999878,-3.810002,-2.728500,6.516109,-7.882734,3.890875,-4.079810,-8.246649,-4.110436,9.849833,-8.384110,-6.358570,-1.325112,6.585135,9.612328,0.277103,4.439268,9.969830,1.137973,-5.386879,9.675711,8.330959,6.906908,4.793179,3.274503,-2.222653,7.020559,5.127575,1.974339,-1.082521,-5.342691,9.974463,5.107477,1.928808,6.490572,7.224743,-4.180317,-7.589238,8.978094,1.709247,-7.739405,-9.406016,5.350677
0.935483,7.179117,4.963005,-8.787414,1.618385,4.932835,2.350559,6.231506,4.608545,0.681520,3.138414,-0.598275,-6.043978,-9.084238,-3.577716,9.083597,2.890100,5.339764,-6.259093,2.864562,0.447240,5.669716,-0.644866,-2.328018,-8.510602,1.765896,-3.349924,3.198645,4.026491,-2.755940,-1.450678,-5.038025,-5.576823,-6.487674,-3.825438,6.041563,8.445160,8.525122,2.273068,3.053707,-0.793360,-4.588517,-7.544569,3.162662,-3.672755,-1.122285,2.246260,9.217346,-5.782522,5.987166,2.081908,4.664718,1.656880,-8.562957,-7.663300,3.146278,3.202939,-1.013224,-3.655077,-2.770569,6.230835,4.894246,2.191405,-9.345987,8.406572,8.365967,6.695574,6.851732,6.891087,-1.031357,-0.094561,-3.902273,4.380126,2.360870,9.260389,-9.292629,-8.761415,1.506649,9.924717,-4.543936,-2.506186,2.006625,-9.879218,9.150696,3.443668,-7.542519,2.296974,-3.353393,1.444258,8.641897,3.876038,-2.324907,3.536143,-3.932557,-1.670895,1.942716,-5.566591,-4.975320,-1.205551,-8.675503
3.993322,8.699888,-2.577775,-1.626551,1.060759,-3.317386,-0.919181,2.299345,8.189262,-0.994464,7.755409,-4.316923,-8.987839,7.876190,-5.166227,4.455830,-9.666329,7.130747,-8.897563,1.777927,5.772644,4.978475,9.453022,-0.691213,-8.954083,-2.217874,-8.748497,-4.520674,2.806807,0.045952,-3.196177,-3.199871,-1.254161,4.226048,5.173577,9.806597,-9.091338,-5.745603,2.105942,9.097925,3.259933,-0.138651,-5.218998,4.272095,-2.262461,-0.385225,-1.272076,-1.928790,-3.254478,-0.169639,9.849138,-7.481834,-5.191164,9.302160,1.826954,-4.145247,-2.915714,3.078457,1.334078,9.891092,-6.875591,8.137901,-3.308779,1.870247,2.363950,-8.135201,1.676845,3.272612,-3.880804,-6.217215,2.370538,9.379129,3.644135,7.151539,3.651224,-8.618326,-3.233686,-7.620851,-0.547116,3.511835,2.209511,-0.697978,6.030003,7.018347,-1.395819,-2.143044,-7.126900,5.688467,-9.064588,4.207178,5.579558,-5.940179,2.345080,-7.729219,5.930069,-5.290970,-5.864421,-2.393088,7.981642,0.254775
1.389698,0.352180,-0.366096,-4.966167,-2.496281,-6.714871,-3.584493,4.270033,-4.335721,5.868391,-2.218132,7.873791,-4.829587,-6.188129,4.892138,3.774594,1.668826,7.765238,-0.536940,2.604239,1.972416,-4.957380,6.664061,-5.682505,-2.686600,2.594128,-0.973474,1.448979,-9.798960,-2.991831,-8.296246,1.590738,7.360348,1.337658,6.624573,-5.135933,4.622787,-6.959921,9.134100,-9.712934,8.908470,-3.084031,8.160856,-5.921118,0.727839,3.052993,7.853476,-7.603335,0.818230,-2.683464,5.000904,-7.209354,2.359156,1.664964,-2.891860,9.672554,-5.740908,6.134666,1.121534,-5.539867,-6.857165,2.825288,6.050871,-9.496817,-5.837053,2.675443,-4.632750,8.785734,5.715522,-5.498650,9.072802,4.623991,1.417318,7.233656,8.702873,-7.854842,0.286650,6.556349,-5.458177,-8.895120,-6.127115,9.542728,-6.104475,6.232040,1.207691,1.003666,5.904596,5.466784,-2.861667,-2.973870,9.926916,0.281168,9.851418,5.977788,0.784351,-5.985636,-1.346768,6.151602,-7.199902,-5.631247
-9.347048,-8.127101,8.992744,2.070271,9.106556,7.695618,4.215429,-0.606794,4.251967,8.757252,0.498086,8.124851,8.299978,4.393611,4.356894,-0.492331,-4.602723,0.261489,-5.025547,2.535610,7.287619,-5.098631,-7.183221,7.139036,-9.120843,3.601130,-8.846599,-0.467612,-0.247268,-6.046500,3.901140,0.405684,-4.173601,2.893886,-7.524044,-5.067045,0.589504,6.691385,4.326160,-5.158529,5.448637,-5.175754,-7.033677,3.748616,9.217857,7.323215,-6.743714,-5.384865,-2.415295,-1.769261,7.150745,-5.127677,3.132109,9.967524,-7.988640,4.011265,3.568654,-6.835239,-6.456347,-6.678613,-2.881739,7.444794,3.727072,2.944660,0.338679,6.203028,7.877615,-9.071816,2.894412,2.203774,-4.230346,-1.656951,7.028021,-1.264022,-7.908335,6.245878,-3.940806,-4.652049,-9.138988,3.643899,3.578691,8.011757,8.516220,-3.289202,7.979280,-9.472419,-9.277937,1.547936,-6.307658,-5.734283,4.869323,0.810603,-8.289490,-1.403606,-6.244737,2.049191,-5.200579,-8.367123,2.977373,7.693834
3.836652,8.747028,-3.963117,0.864673,-2.516994,-1.871451,-2.889450,3.542200,3.476500,-2.028438,-2.813901,-2.944811,-4.016680,-4.297680,3.765987,-6.037399,-3.770099,4.488050,5.510536,-0.077756,8.753767,0.379859,-9.267153,-9.535723,8.976254,-5.511889,2.513468,-6.224325,-3.879012,-4.509158,-8.530491,9.957640,-5.762129,-2.493608,0.822313,1.720877,5.634939,7.932863,-4.736923,-0.888561,-4.095574,2.449177,6.166628,1.887745,8.151495,-0.067386,5.850346,-5.618602,-5.579335,1.360883,4.303641,-6.825569,-8.259257,5.036489,-6.361291,-9.283005,9.524599,6.152176,-5.507330,-4.354413,-8.356981,-4.037821,-4.396772,-4.119111,3.468571,6.425541,7.601767,-0.896490,4.358404,-7.135156,8.214949,-9.737171,5.314020,4.381577,2.150574,3.465515,-5.685808,-1.999081,7.846912,-1.265143,9.361803,2.150555,1.909286,-8.897455,-2.812956,5.547996,-8.180459,-3.288357,1.700172,-3.687789,2.357231,3.343191,2.274390,7.960459,9.224081,-4.257039,4.386000,6.825848,4.846472,-1.255597
9.690691,3.061420,-0.992769,5.004711,-2.557002,-8.842196,-1.529773,1.757191,-0.841275,-3.682859,-9.507954,-1.479472,8.467695,2.401334,-0.376927,-4.345260,-2.050671,1.442614,2.366383,9.649502,7.754824,-5.276385,2.992695,0.029215,-7.315927,2.216776,5.772176,7.070072,-0.957376,0.618648,-4.185524,-1.266685,-6.319932,4.821706,-6.261974,1.123067,5.979510,2.208253,-7.119743,-4.861764,8.525394,-6.627697,3.658763,6.993090,5.773636,-6.718164,-7.352170,-6.277034,4.724449,5.014214,-6.627531,2.479273,9.737827,6.365164,-7.491512,-7.578099,-1.418062,8.280663,9.491974,7.624561,-1.100689,-4.693551,-3.642124,2.579379,-9.871845,0.095902,-6.297554,6.107666,-7.695845,-3.417297,-8.754098,-9.170450,-0.044993,4.904665,7.822639,-4.271357,8.186501,-9.529531,-0.548390,2.910950,5.484682,2.824078,-4.609776,5.222510,-0.810759,-2.101289,7.644411,7.771179,-3.820625,7.136385,5.395741,5.078686,-7.557166,-8.246383,-2.341935,-7.429011,1.849519,1.360512,8.678654,4.153675
7.943214,9.924557,4.983225,-2.101779,4.829222,2.805863,3.626863,3.015723,3.276333,-6.921528,-4.073327,-1.238986,5.902550,1.316895,-6.016476,-4.908208,9.215607,-8.372066,-7.137029,-4.605019,8.764320,8.258713,-9.526333,-8.792847,-9.987671,-1.868268,-6.221858,1.861848,9.492245,-7.543203,-3.984477,7.435459,-7.618647,-9.001252,-4.666321,7.210575,3.804611,8.960543,0.226298,-2.919056,-7.960985,6.152971,5.841957,7.941566,-2.530133,9.825481,-6.966643,-3.314526,-8.546583,-4.103672,2.080456,-9.782265,-5.844960,2.554123,-8.575111,-5.832631,-9.314144,-4.796970,6.029217,-9.821900,-2.340173,-7.955260,7.613560,0.041181,-6.956512,-7.052762,-2.748244,6.848099,-8.092219,7.478054,-6.070958,-6.053204,3.631025,9.771000,-8.111638,-8.899107,9.596481,-5.078281,-2.213633,-8.950103,0.818047,9.866823,-8.732367,4.973087,2.420945,-7.307478,9.140455,3.106802,-2.104448,5.169673,3.284902,5.555380,7.214413,0.898458,-4.403440,-9.742100,3.845697,2.848315,7.105997,5.753478
0.326371,-8.964960,9.700275,-6.042603,-9.193960,-8.411364,-4.941710,-9.597480,-3.489645,2.844657,-8.547583,7.328402,2.711479,-7.279949,2.301489,-4.867575,-4.587427,1.441944,8.239227,3.308125,-3.388383,1.524126,-1.136497,-6.173971,-7.577414,4.460063,-5.916071,6.268284,-2.691622,-8.810073,2.021762,7.634750,-7.775033,1.722036,-8.407854,-6.968994,3.310672,-3.349565,-6.566473,9.821028,9.495092,-5.114055,7.149429,2.206573,-2.394004,-0.549082,7.338997,3.018568,-9.107138,5.578222,-3.673308,-2.495522,-2.897651,5.190196,1.330508,-0.475064,-0.349742,5.414437,-4.206781,6.958637,6.604364,7.814981,4.593386,8.829330,-0.462982,6.185532,-8.139664,-7.152309,-7.164033,-4.706137,-7.331282,-7.668941,0.179808,9.818148,4.537631,7.785803,-0.730935,1.876629,0.804372,0.161926,-2.545149,7.131063,7.666405,4.557199,2.321260,-1.003086,-5.917864,-8.028482,-5.588650,-0.124644,8.930153,-8.984286,-2.309663,3.523540,9.845043,7.227354,-0.290928,-8.294620,-9.924955,2.545040
-3.000756,-7.256237,4.876099,7.179052,-7.438090,-0.586269,4.964856,1.830975,-8.709641,-4.230773,-8.007099,-1.254791,-7.099710,9.659307,-6.697591,5.221550,-1.343781,-2.615456,7.193068,3.067570,7.259899,6.123222,4.083282,-5.049763,-0.353237,3.928327,-7.822409,9.355835,5.633707,-7.747364,1.900874,-7.367049,-5.003601,-3.223027,9.812004,-2.441692,6.190702,4.776859,9.389282,7.481062,-9.453914,-8.617816,-3.773729,-6.553623,-8.958509,-0.471320,8.667927,-0.302290,6.913225,5.860995,-7.234720,4.173125,1.984217,6.848562,9.123362,-8.369020,0.776890,-8.699048,-9.013186,-3.589403,-6.446412,2.887689,-0.956451,-1.450013,9.664661,-1.144448,6.108295,5.855365,-6.367590,5.497579,3.336428,-5.821504,6.879763,9.562698,-2.375126,7.921253,-0.908622,-3.707200,-2.381038,-3.995398,-7.846205,0.384243,-9.822273,4.138013,-2.767195,9.301088,5.768993,8.009695,-9.397960,6.755808,-5.579709,-5.844371,-0.356503,3.463840,2.705616,-0.691841,-7.680610,-1.186089,-4.836476,-4.048199
-5.688510,8.499950,0.130297,-8.808748,8.062649,7.755169,9.112505,-2.845973,-5.952029,-3.268533,3.158628,-3.798234,7.115709,3.336357,-9.660220,-5.651485,2.637444,6.108772,-7.641791,3.239485,2.864581,-3.221499,7.395113,-7.491922,-9.757660,0.100729,1.816236,-7.438270,8.914640,6.979759,-1.486469,-6.773868,5.479712,8.643829,-5.582616,3.542360,6.398998,-6.470112,-9.303613,-9.553031,0.261355,3.855017,-3.351264,-2.622935,-2.808628,-3.011485,1.725579,9.828817,-6.902712,4.083788,3.068302,5.961868,-9.137711,0.463415,8.469946,-8.895370,-9.435854,0.286183,-6.333641,9.478786,-2.734056,2.179891,-7.295081,-7.254345,0.823718,-2.877697,6.288015,-2.777283,0.652191,6.984402,-2.330313,-9.086453,0.839418,4.318422,-1.709388,8.030792,-8.693063,-9.983809,7.859608,-5.595775,4.099980,0.927911,-9.633906,4.962271,-8.608674,8.836040,6.066898,-8.044528,-0.877777,9.733259,-8.565741,6.388166,1.913149,-5.860821,9.133821,-7.263131,1.261482,5.421838,-0.040415,-8.086327
2.406240,7.629272,-7.172780,-6.754342,1.947695,1.117832,-8.723551,3.254633,1.134024,9.136059,7.658859,-4.765996,0.063968,8.024952,-9.803725,1.455294,6.860992,6.263174,3.410767,-4.016785,5.996433,4.845026,-7.628617,-2.090418,8.984205,-8.494796,0.646450,0.245687,6.927042,-9.393963,2.159361,-0.666718,8.235310,4.986581,2.578939,0.183004,-3.895587,3.855390,-6.562363,7.238438,2.991447,-8.903505,-7.527558,-6.944585,9.121447,-7.331284,4.510709,5.982438,8.931890,-2.078524,-8.034346,4.928323,-7.233499,-5.662964,-7.162094,-8.249293,-4.157760,3.484356,1.996393,-7.230718,4.090394,-5.844245,2.102564,2.325703,9.142336,-5.318497,-7.491292,-4.753251,8.536894,-4.053655,-7.514814,1.528339,-2.957160,-5.042372,4.583755,-3.835713,-2.373656,-0.905537,-7.853274,-3.441765,7.015940,-5.887620,-8.513442,9.782440,-1.550584,-5.675536,-8.466852,4.291656,7.808821,3.529541,7.060940,1.899215,7.685295,-0.836497,-5.775082,6.827631,3.845006,-3.266374,-7.925620,2.381899
2.679972,-5.440434,-6.089761,9.722813,-0.482806,8.493994,-4.112902,7.143538,-2.411542,-1.966176,-6.298227,-5.395603,2.146204,-4.811669,-5.613162,-9.404381,-0.487205,-4.080015,4.887276,-2.678384,9.449526,1.948215,9.220831,7.134821,-8.888283,-6.554251,3.962454,4.956724,0.179376,6.036833,-2.661376,-7.140654,-9.403601,1.248861,-7.417842,0.113593,-0.257145,-1.530744,-2.742868,7.331312,6.503080,0.958904,-8.064290,-1.350717,6.147236,-3.677453,-0.755096,-4.339970,2.242533,-5.867821,2.981646,1.692059,6.080395,2.202477,-1.173119,7.192112,5.648226,-7.210666,2.148836,-4.172399,8.826168,9.487459,-1.313052,9.422567,0.736321,1.269106,-0.463840,-9.520823,9.738363,6.793291,7.810490,6.241444,-2.247805,9.746199,-5.109273,-6.100569,-3.931253,4.135630,-0.440538,8.311279,8.267809,-7.458892,0.003338,4.348203,4.743585,8.830219,1.540314,0.391809,-8.380447,-6.310850,6.219410,-9.554280,-6.823391,-5.093641,9.868286,3.912930,6.175465,-0.595554,4.392105,5.913828
-3.802262,2.202596,2.155271,3.949933,1.948794,7.045998,7.849365,8.017540,1.181627,-2.591175,6.328819,-0.550564,-0.050067,-3.667843,-6.202360,-5.306483,-4.837625,5.337954,5.085327,-3.218073,9.027103,1.304739,-2.772353,-7.796288,6.211098,-2.904067,6.116642,2.386562,6.500380,0.508748,-1.699609,-7.301884,-7.288657,-9.544338,6.648048,4.660137,7.501659,4.497413,2.677677,-1.316713,-8.093762,-0.993504,8.132723,1.856170,5.338652,-8.069636,6.549686,-9.498973,7.268318,1.635015,-2.717046,6.295422,-7.060246,4.510601,8.499134,9.150852,-8.393466,4.615776,1.537415,8.106913,-4.875476,9.837807,-9.194972,-2.164133,-9.706532,7.453077,-7.503996,7.795126,1.950489,5.173682,-3.521586,3.856727,-5.819822,-5.388862,-4.287104,9.518831,-3.458499,-7.737416,-9.980142,-6.190181,3.897599,-2.697187,-9.894760,6.837353,-8.186586,8.604374,5.988205,-6.580052,3.220150,-2.474380,-8.473141,8.344673,-2.636575,-7.668112,-3.819458,-2.343107,9.784964,-1.323454,-4.547980,1.735454
-6.149773,1.930435,-4.407820,-1.969594,6.541573,1.305077,-2.450764,-6.916926,3.567661,-2.430906,-3.107108,-2.534740,4.871906,-3.001867,-5.697388,6.685320,-4.397493,-9.709183,-9.894732,8.822657,-2.183564,-8.367873,7.167332,5.179862,-6.035985,-6.652128,-7.163245,-6.251020,2.024418,-1.711225,5.484433,5.874645,-9.780790,-8.923387,-6.094948,6.760782,2.381691,1.454288,9.843855,-4.050648,9.023382,-3.263252,3.414612,3.895288,3.734879,7.717224,0.580608,9.337385,8.008041,0.685875,8.160042,-4.175522,2.318002,5.327373,-8.995660,6.282017,8.675245,-6.158905,-9.969004,0.699663,2.129870,5.515429,-3.425690,2.349080,6.592043,0.479362,-0.890139,-1.026267,-8.066351,-1.046284,4.923086,-9.042969,5.690464,-1.662302,4.852320,-0.574656,-3.945077,-4.567072,-1.237270,-5.937035,6.118803,-3.077228,-0.112556,-1.563194,-7.749855,0.891783,-5.281178,-9.074610,4.732878,-5.250182,1.625053,-3.137251,-9.734753,8.199364,9.211828,6.857290,-1.321275,-1.678310,-4.168977,0.612374
7.275408,-9.245891,1.569407,2.965871,-0.908193,-3.578274,-7.608785,5.146730,1.854654,1.153945,9.209694,-2.026542,8.076717,-0.902862,6.410263,-9.673138,9.988922,-8.870914,-8.747747,4.721800,-4.121095,2.877307,-8.415451,-3.855848,1.076671,-9.203623,-6.998558,9.755396,-0.881932,-1.167534,0.367771,-3.606525,-0.413424,-8.062822,9.359344,8.678383,-1.641096,-8.249439,3.825112,-9.786442,2.904506,3.034807,-1.812984,0.981222,-7.868054,-5.402719,1.308084,-7.879133,-4.273633,2.560337,6.842667,1.605272,-4.562357,8.427216,7.749424,6.514313,9.223593,-9.249133,6.269711,-1.658340,-0.416667,-3.362520,4.735135,9.169909,-1.425342,4.094481,7.848291,6.933563,5.845040,1.673404,7.147121,-1.250454,-5.291788,-4.665862,9.730768,-3.159842,-0.068582,1.038853,-1.038975,5.657785,-6.400811,-4.196308,-2.736943,-0.963167,-5.769092,-4.987519,-4.448854,-6.545499,-4.236651,-8.179145,1.796161,5.346681,-1.541664,-3.468704,4.516590,7.032993,-9.374225,2.364882,3.966557,6.470816
-5.961715,1.113677,-4.779638,-1.253503,6.447815,-5.048870,5.586655,-3.620767,5.989983,-5.452320,-7.962981,9.589172,0.351373,-0.699924,-1.373996,4.582281,4.312557,4.177150,8.036781,-9.924094,5.998005,-0.167057,5.422587,-5.543659,6.364239,-0.060823,-8.510665,6.990013,-7.695942,5.455891,3.460831,-3.657657,-3.430432,8.681192,5.088840,-6.982617,-6.367678,0.675496,-0.603384,9.622305,5.223175,1.433635,9.211477,-4.425452,-9.266290,-2.162519,-9.843171,5.046268,-7.985370,8.193609,5.122174,8.012636,-1.973448,0.544760,-7.531024,-5.609210,-9.516062,-6.041689,-8.619196,-7.212004,9.414202,4.841634,-0.869661,-4.016230,3.522825,-5.780821,-0.998846,7.155148,4.894675,8.397770,6.777454,0.117850,-0.168595,5.988930,5.692398,0.565115,-6.173590,5.849227,-4.388617,-4.158959,4.042837,-9.266443,-6.146324,-7.930611,1.278318,-3.677348,-3.539820,1.762256,0.280963,-2.159017,4.550251,-0.304834,-7.317383,-6.319409,5.678936,6.205442,-2.100230,-5.319911,3.360591,-7.205556
-6.922141,0.138043,2.912293,2.909264,-3.873027,-1.395308,-6.525621,-0.046617,-5.546080,-0.914238,5.794424,8.496758,-0.180681,9.648098,-9.433854,-8.902363,-4.029248,-2.973675,2.859893,6.251715,4.867310,-2.589856,-4.053120,7.549927,1.090734,-8.374184,3.755368,8.990503,-3.694094,-2.884041,-8.215052,-0.616235,7.254002,4.697243,-7.706971,-6.619025,-6.698065,-4.232592,3.334358,-2.244145,4.853171,-0.871219,-3.747389,-5.327510,-1.223120,-3.181242,-4.229873,4.747633,3.845083,8.630020,0.999347,-1.287607,-3.959836,6.946228,-3.737682,7.130898,8.572046,-9.982313,6.121403,-5.122049,-2.866355,7.906351,4.261717,-5.612353,2.603593,6.554745,-2.231378,5.905528,-7.677846,-8.897020,-6.338617,7.175323,0.231761,-0.086005,-8.152185,9.008640,6.732752,-2.382059,3.756274,0.577836,-3.752038,-5.244379,9.290228,2.288126,-8.298151,-4.447454,-0.580976,-9.726106,-4.429768,-4.459572,-4.848154,2.703877,-6.553222,9.413563,7.091524,6.050371,5.968308,-5.139853,1.955899,8.290461
-4.036874,5.617283,5.465786,6.194887,-4.468723,7.313601,5.203528,-7.735971,-5.068458,-1.040199,2.841865,1.179504,3.715422,2.132092,-6.532370,5.417272,7.684639,2.886656,5.691166,-6.745129,8.427082,-9.156988,5.958749,-8.126140,-9.743425,3.050274,7.924231,6.224882,7.910419,-0.119869,4.515345,-6.126454,-4.502587,-0.018869,-9.931567,1.028690,-2.705269,5.271960,3.292719,2.226274,-5.768238,-3.865417,-6.594223,7.947186,8.266676,-3.126592,3.364457,5.951314,9.760063,-0.944377,9.206184,8.187145,-0.101365,5.164934,-9.938995,0.155210,-1.784793,7.985237,-3.619907,-3.874372,-2.134633,-9.104563,-0.000826,3.362780,0.876569,0.067606,-5.608530,8.171299,-4.660433,7.684189,0.397573,-0.428671,-6.181228,3.803349,-2.481486,-7.914552,-9.323242,-9.117030,8.036762,-9.563179,-0.061407,7.242949,8.623964,9.837229,2.407884,8.684971,-0.007562,-9.376909,6.670206,6.372532,-3.251281,-5.464427,7.267969,6.747892,7.898354,-1.855463,-3.184502,-7.710176,-3.684164,2.155066
9.974012,6.713408,-8.273605,-6.207215,0.516759,-0.755092,-4.121767,1.193518,0.127878,-6.085004,1.630337,-9.933529,-8.842055,0.254303,9.903700,3.565827,-1.060727,-0.103863,4.188918,-4.390521,-3.731331,-9.062364,0.145052,-6.463363,7.685530,-1.956594,1.681174,-5.498972,0.333229,7.997009,6.656094,0.307241,4.710419,8.382488,4.100026,-4.772822,-2.372603,9.978260,6.420694,7.755276,-6.106744,-1.948968,7.821747,-4.948799,8.305336,7.725445,8.617029,-2.755393,-2.378417,2.805947,2.854086,3.890252,3.743584,-7.000862,7.426889,1.429113,1.042543,-0.891936,5.930141,-8.624228,-2.894926,2.586233,1.683014,-8.184507,0.968722,-4.216961,-2.957330,8.596119,-4.238701,-6.536635,6.351393,-0.345445,1.514397,4.173140,4.705755,-0.180269,1.898584,3.322784,7.064339,9.520168,-3.871268,-0.081575,3.410420,9.872316,2.917562,0.837309,1.301430,-6.039895,9.945374,-2.768430,-4.664123,-2.949553,9.817804,7.018890,-1.134061,0.786526,-7.198070,5.908609,-0.617355,-1.436770
9.371975,-4.265963,8.217785,0.886370,9.907177,2.923541,-9.293899,1.805761,-3.753674,7.770439,1.325930,2.375058,-2.311136,-5.263651,2.247374,-9.393574,5.573659,-6.451197,-5.433468,5.519032,0.780374,-0.097590,-7.430521,0.598178,-3.078700,1.435418,-8.615296,-0.276769,-2.655972,0.767347,8.286461,-3.283998,6.501385,6.504246,7.602373,6.408562,-0.572213,8.308474,-1.785678,5.674113,6.078915,9.540251,-1.950830,-6.232222,-5.723400,-9.703455,-5.625795,9.850258,-6.154652,-1.059263,5.369290,4.625722,8.843147,7.938768,-4.776100,-4.235553,-0.625812,-3.391397,5.487679,6.718216,7.375950,3.774138,-6.565781,3.877336,0.278385,-8.963408,0.285897,9.706171,9.345066,8.500219,5.380283,5.423980,8.040470,-6.570546,9.191759,-7.682930,-6.274001,-6.434037,-7.832671,-2.428652,2.506700,7.536619,-7.802930,1.349846,5.475389,-2.579030,7.114292,-5.150424,4.029573,2.601971,-8.432207,1.405524,-3.623890,-4.997989,-4.717141,6.654493,-3.961397,5.568756,6.360664,-4.616332
4.068975,1.740948,-9.192351,2.109446,5.170403,9.999407,4.426517,8.896400,-6.434630,6.593845,-3.532251,6.072069,4.130464,-1.335181,-2.578085,-0.394148,6.085789,-5.463792,4.455428,0.115362,7.138180,6.023220,-8.479114,-6.485711,-8.974768,-3.196254,-9.831218,-2.936165,-7.627498,6.529448,2.447502,6.441477,-1.729605,3.255152,-1.449078,-6.559203,3.254558,-7.022561,-7.662802,6.819927,9.571283,-1.195053,2.891997,3.701749,7.469767,-9.686089,-6.692400,3.555555,-5.149880,7.763029,-6.329082,-8.011701,3.786249,-4.808197,-4.497413,4.811481,1.995549,-4.328630,-8.124684,4.368052,-7.799182,4.322819,0.809528,0.471212,-2.422030,9.360451,3.912010,-9.167472,-7.662109,6.249208,7.652456,-8.090825,-4.945845,0.544452,5.610924,-7.476078,0.858363,8.918524,6.079477,5.708484,6.681553,9.750395,7.696783,0.467802,-5.057801,-6.800630,-4.720716,6.937748,-1.129259,-2.845400,1.305799,1.071558,-8.522581,-7.884673,-8.457230,-0.944612,-8.524221,5.454781,-0.112083,-6.186331
1.703989,-2.459629,-4.277155,6.758144,8.084824,-8.666232,9.282066,-1.056813,-9.747708,5.361544,-5.348330,6.933846,5.111938,-7.651547,-2.598352,-9.945863,-4.452177,2.680932,6.991884,4.418563,9.835531,-1.702316,-4.509879,-8.687049,0.413012,-2.967109,0.368340,1.888790,-7.512328,-9.743744,5.702458,4.191661,-2.203372,-8.574697,0.949806,-4.118549,-7.240929,0.231872,4.824637,-6.988636,-4.406585,9.476307,9.945210,-9.294646,-8.175241,-2.653144,-9.240509,-2.627418,-9.972212,7.751375,-8.208855,9.863321,-3.950940,-2.718734,-8.823729,6.462070,4.314157,1.544610,-1.649139,6.801830,1.800867,-5.946681,0.993491,9.597494,-4.521377,-8.056704,-4.521054,-1.762305,2.175168,-9.696417,1.249058,7.768583,9.779890,1.194267,8.473938,-8.395350,8.541124,9.233429,-1.022767,8.568913,6.984804,0.768377,8.432232,-6.966136,8.049644,9.608501,9.495935,2.363802,1.153112,-2.153204,-0.834369,-7.046020,1.900115,-9.840878,-7.448525,7.378738,-7.897581,-1.969580,-4.383566,4.277587
-1.665997,6.865492,2.046171,-1.886106,-1.940241,0.520109,-0.281455,-3.399117,-0.246462,8.695778,-4.830206,-3.261657,-0.535845,-6.397974,-0.227793,-2.486200,-6.789472,-0.731857,9.877602,4.363641,7.114939,-0.956766,7.317621,-0.984946,-0.797645,9.869095,-3.606207,1.304774,-2.100484,2.010226,-4.417638,6.233519,-1.124282,7.628532,-5.652586,6.935478,-1.851358,4.065958,-6.463640,7.902180,2.761736,-1.293846,-5.359478,-7.774108,2.308179,4.412728,-0.260308,5.518707,-6.319129,-0.382707,-0.117651,-9.204190,8.660526,-2.800031,-0.189137,-2.137118,-2.930935,6.204657,9.167656,4.968581,-1.785118,-5.249981,1.202101,7.090599,-7.621449,5.549515,4.026077,0.527193,-0.384527,7.562437,-1.570627,-7.622791,-3.731409,3.069895,-5.396899,8.576771,-2.517377,4.342793,4.095478,1.163494,-6.039914,-6.022174,1.959304,-7.379387,1.177795,-8.229832,0.483495,8.246861,7.974823,-0.348848,3.215442,-3.810294,4.401171,-5.582458,-6.719694,6.779722,9.967056,7.306383,-2.693085,-0.417471
4.868818,5.736288,1.959739,-8.862591,-1.193818,6.562840,9.714180,6.288805,0.905633,3.809657,-2.547701,4.865719,7.787483,9.411604,7.486332,-1.034721,-8.818230,-2.030172,-2.787861,9.156593,7.620979,-9.572420,-4.653699,2.022151,-5.154878,-1.373394,-1.198128,-5.187821,-4.067011,6.108788,4.394708,-9.198193,1.845075,-3.645554,-8.060783,-9.348743,-7.082715,-8.346603,6.940062,3.822918,5.463053,-5.607640,-1.311362,3.250536,-6.196037,-3.825030,-7.784185,-5.014266,4.144797,-0.572046,-5.857671,1.765777,-0.144466,-0.511371,-6.212072,4.700656,8.115236,2.589800,9.512835,-5.951776,-1.301413,3.907542,-5.149969,-9.456337,-9.738012,-3.210752,-8.805080,-6.820726,-1.557356,8.134981,7.002192,-6.094303,-7.472659,-4.309170,7.156235,-3.668695,1.865799,9.372047,1.317039,-3.989404,-1.199999,5.459367,7.776373,8.655535,-5.052004,-8.435699,3.356191,-6.936769,4.154100,2.869025,-2.888545,-7.147312,-3.223433,1.961487,-6.603649,-2.961444,8.750734,-5.408730,0.217829,-2.806621
-7.273748,-2.779979,1.099076,-4.746408,2.910851,-1.744691,1.584897,-5.223350,-2.372643,-7.098065,0.787247,6.427359,8.361301,-1.436380,5.082893,-6.690702,0.127918,-1.560916,-3.627471,-5.717980,-8.691891,3.483984,-2.865293,-1.915323,-4.554529,0.531058,5.123232,-5.803794,5.122329,-4.658938,1.389585,7.848579,2.561083,-7.511340,-6.897827,-4.528067,0.743970,4.687070,0.248584,8.371326,7.589005,-8.964170,4.798685,5.950306,-0.400552,-0.118422,9.259604,9.727367,8.320662,-4.367867,-5.990613,9.628771,9.116117,1.144094,-2.286552,-5.438412,-8.324848,-7.163320,-1.242207,6.797482,-1.822259,-9.852622,4.646061,-9.261176,-7.363962,7.748234,-3.789243,3.380008,2.435303,6.459341,1.751335,0.024307,7.495171,-3.449980,-4.025387,-2.905381,6.431599,-4.765784,-3.178013,4.752260,0.866348,0.831374,4.381032,-0.017535,-8.024531,-7.905520,4.544053,-6.349379,-5.068840,-6.698153,-9.551898,3.108901,-6.550776,5.094162,3.847725,-3.914738,2.842397,-9.941517,9.465271,-4.722301
6.517824,1.216606,5.302006,4.012995,7.766626,-8.723381,-8.892385,4.198223,-3.489165,-2.070398,-1.049515,7.377184,8.760975,-6.668483,-2.640352,-9.263556,-4.574003,-8.096298,-5.612934,0.357157,-4.794452,-5.164832,-6.533941,-1.345228,9.929331,7.313784,4.740034,2.771727,7.372267,4.205305,8.049427,3.890091,-4.578090,3.351432,-2.096914,-6.811464,4.628052,-0.989300,7.386759,-8.861114,6.940302,-3.662755,8.516069,5.701279,-0.331239,-4.124281,6.437723,5.094758,-2.220580,-9.175211,-4.548084,2.984968,-4.340043,-1.082026,-8.360260,-4.410713,-3.768242,6.379774,8.361013,-6.395975,0.585080,6.410439,7.494116,6.006990,-0.238129,-4.602798,9.195526,-5.610077,4.407903,6.582287,-4.471190,1.348205,-7.080469,-5.955121,-2.950517,2.588292,-0.079402,-6.512794,-2.316949,7.700018,-5.688004,3.134967,0.684986,-0.028048,-7.947059,2.324726,5.561239,-1.715300,-1.295499,3.922254,1.888724,9.289581,0.332693,-0.617159,5.296573,-9.905435,4.780044,4.492100,-5.515512,-0.812055
1.074386,0.013296,-9.463849,3.993917,4.058176,-2.414366,-3.417790,-6.021226,1.072841,4.265261,-8.321208,5.384836,-2.599772,2.363778,-4.643212,-0.546830,-5.311496,-9.081972,7.737869,3.393005,4.840282,-0.373405,2.682587,-4.827025,9.009436,-2.020841,-4.732460,3.789478,-7.528742,-0.247972,-7.022575,3.545643,9.765324,-6.486424,-2.460441,3.823501,1.099210,4.121770,7.802275,-7.827950,-1.612970,9.481066,7.556885,5.787258,1.844845,-7.086327,-4.759573,6.533348,-6.168299,-7.021704,-0.073647,8.671984,2.604891,-7.391059,-6.155042,1.614326,0.588100,-0.887502,-4.596195,3.059358,8.864525,-1.618771,-3.394999,8.629850,1.894806,4.144560,2.453351,-7.005985,-1.733670,0.255627,-4.833936,6.653360,-0.263308,-7.277050,2.440617,-8.418464,-4.363377,7.681044,8.114885,-0.531675,-9.340659,-1.958760,-1.859693,3.264232,0.650179,1.985266,-5.121442,-8.761721,-8.902236,0.282363,4.297638,9.962290,8.663593,-9.097362,8.592140,0.558397,5.047198,1.045492,3.552413,-6.686471
-8.698882,8.718475,9.966888,1.037809,-8.558574,2.407505,2.619347,-2.921950,0.088550,0.734233,6.546375,0.747891,8.775471,-5.313318,-5.987877,-0.574348,6.671947,-1.109319,0.663931,7.769712,9.173044,-5.038432,7.732002,7.836637,-4.135794,6.324142,-1.604965,-9.088594,-2.630364,-8.052552,-5.775066,-1.329247,-9.334076,-5.808177,9.708565,-7.892649,6.599329,2.327910,-0.814599,-3.312121,-6.937857,-4.268225,7.435770,-8.162386,0.418458,-8.552107,1.263266,-2.909594,0.338574,-8.072803,-5.139882,-0.488381,-3.111235,-7.407879,-2.651744,2.752972,8.916265,5.743292,3.664378,-3.714099,7.690739,7.889311,4.956655,8.356663,-7.918866,4.665218,-9.535985,8.680462,-3.006871,-0.350584,-4.631660,0.055273,5.381191,-7.195889,1.892886,-4.200352,-5.747996,-6.843848,2.890054,4.590578,-4.916651,7.750172,-5.897803,1.972114,-9.657706,1.450453,-5.274914,9.258558,-2.806256,8.389463,-4.455541,-5.115517,6.278776,-9.498886,-6.758853,8.359909,5.166331,-6.294839,7.040371,-7.840539
3.354577,-7.591287,2.214733,-1.264233,-4.787177,-5.892381,4.535417,-0.535172,-2.736228,-2.574530,-5.944595,2.347121,-4.824358,-1.842398,-5.680765,-4.482064,9.608055,-0.955678,-5.223505,-3.198201,-2.566215,0.320954,1.686282,-6.287439,0.822067,4.927427,-7.927529,-4.011600,8.632589,9.112843,-1.852139,1.987166,-8.478445,-9.637407,-9.277066,-3.265622,-5.529788,5.258349,6.199205,1.733984,-7.316181,-9.745390,-5.918895,-2.140538,-1.587788,-1.599660,3.377398,-1.979733,7.444662,8.153893,4.822065,-5.121552,-1.525152,-3.491652,-1.408992,9.296915,-8.564224,0.663479,-4.714685,-9.931635,-0.223680,3.433175,2.055532,1.297875,3.795768,2.778464,8.032253,8.265980,-1.963185,4.231461,-0.000036,0.720634,4.486071,4.081069,8.580095,-7.101717,-7.518591,1.957494,0.918550,9.926071,0.111387,-4.259384,-5.195481,8.586235,2.248963,3.395527,7.883150,3.684740,-5.940995,-6.831536,3.753105,3.835325,6.601639,-4.191363,-4.866798,0.397407,8.587101,-6.834544,-1.336614,-3.376084
7.396915,8.663351,7.344549,1.882987,2.744419,5.924645,4.781270,5.225829,-2.117860,-4.300180,5.151900,7.993526,1.440435,9.956419,6.579762,-6.310600,3.351946,4.462911,7.374138,7.410950,7.631374,1.127244,1.246276,4.233013,6.935881,6.379478,-5.369580,5.522982,9.544933,3.293806,-7.853102,6.941851,1.957157,9.491447,-1.175163,-5.298424,5.416094,-6.393892,9.927404,-6.701766,-0.694073,5.079306,-8.708241,-9.253636,5.035724,7.871521,-5.564237,-1.612330,2.334432,-8.190098,-4.201381,-0.034193,2.937146,7.044895,-5.801179,-0.126973,3.424374,-1.170759,-4.603991,2.969308,-7.876953,-2.457093,-0.088842,4.080204,-2.965645,8.735996,8.781780,-7.549551,-7.657897,8.709187,-4.251318,1.648030,3.788491,-2.959558,2.394395,-1.175785,-5.088037,6.830158,7.211884,7.246395,8.640060,-6.989496,-2.787798,1.577207,-9.944601,1.411022,-8.549767,3.479773,-9.759737,-3.153758,-3.550920,-7.636690,4.389149,6.360237,6.443516,-8.576495,5.096233,5.225296,-6.126046,7.438335
3.934481,-0.377363,-0.913633,-2.277028,6.663078,-8.519239,6.547188,-8.424958,8.310919,3.759071,8.821438,6.950979,6.769575,-3.966361,-1.471814,6.824974,7.444660,-0.021581,0.304747,7.684925,6.824661,6.753828,-9.951765,1.213810,3.114065,6.491749,2.637316,-1.789702,1.717045,6.511271,-4.351367,-4.348474,-3.866095,4.735001,3.374499,-7.203015,6.215761,-0.078314,-5.627974,4.526680,-6.319242,-6.806536,1.477657,-9.549667,-0.772897,-9.994157,7.275307,-3.328236,-0.015738,-2.419946,-5.643312,-3.191077,-5.666119,-5.595077,8.022734,7.447947,-9.103327,0.660048,-4.341757,2.613717,-2.828681,1.306877,8.265244,3.305224,-3.958123,1.639743,6.102209,-7.742363,-8.438572,-9.525764,6.784317,-4.757814,-6.332301,-1.738026,-4.307482,2.894802,-1.732183,-7.032175,9.566566,8.252079,0.547878,-6.076746,-4.938998,4.881759,-1.671822,-6.916265,2.329704,-0.775149,3.743784,7.987949,-8.161431,-9.084897,-0.705174,-9.896188,4.220327,5.336702,1.743555,0.322536,7.594339,3.304985
0.796772,4.378654,8.547171,4.464472,-7.359371,-5.760312,-2.640727,0.908446,-2.792488,-3.074160,-0.839474,7.755390,0.849094,4.221527,2.637150,9.177273,7.305264,-5.033145,-1.597878,1.049049,-7.045197,0.240692,1.964151,2.249628,0.344504,-3.815521,-2.413671,-7.911941,6.507015,-4.819331,5.393044,-2.696213,9.559324,3.940214,-8.231742,-7.800047,8.179901,-0.872468,3.108398,-4.612586,6.053371,-7.731075,-6.857195,-3.097534,6.490454,5.779955,-3.920261,3.795717,-9.253190,4.481861,-5.155235,-6.298387,-5.277447,6.808916,5.951241,5.067057,-7.006605,-6.462429,7.155117,9.500410,-1.281759,2.548160,-3.195803,-1.722437,-3.511627,-1.427545,0.477516,-5.331725,7.699987,-6.414084,0.055689,3.753358,-4.145159,3.198494,-9.344175,-7.654706,-1.021551,-3.264437,6.141010,-0.274741,-8.782576,-9.014224,3.426872,-4.060023,7.794693,-0.621886,-8.992966,-9.211912,2.915686,8.162151,-9.711501,-8.366075,0.710310,-2.907304,-0.088511,7.198683,5.665151,-9.610994,-8.133041,3.365137
-6.025078,1.922647,-2.881503,-0.170238,-4.878859,-2.225678,2.175056,4.099589,4.509884,-1.683932,-6.175151,5.727309,-0.698156,7.251720,-8.332714,-2.903464,-3.370165,-7.325680,-2.115376,9.545521,-9.163530,-1.826877,-8.820555,1.546780,5.265819,1.090935,-1.254537,0.930969,1.479940,0.612421,-5.703892,5.454863,-7.464931,1.414605,-4.715375,-2.343791,9.188927,7.459681,-8.244201,3.698811,-4.224251,-4.419352,-0.573881,5.077593,-7.167631,1.093406,-7.825871,-0.537796,3.767725,0.058754,-0.992276,4.604196,8.231876,0.187169,-3.849025,3.497696,-8.721896,4.896439,-5.571334,2.758044,-4.491140,-1.275226,-1.787094,-1.956071,-9.860620,3.497530,5.700139,9.328306,0.957212,7.455938,3.027116,6.732962,-6.963414,-7.546764,1.810555,-4.131045,3.546642,3.984685,5.331159,-2.685633,-5.956562,-5.661118,-8.081438,-7.724685,4.526052,-1.930463,5.773011,5.804156,-7.034025,-9.798323,-1.437799,-1.525165,-1.073547,6.775106,6.518764,-0.934168,0.272636,2.218903,-1.605863,-8.770151
-0.325159,-8.578746,7.962811,2.711426,-6.125510,-0.226635,8.580381,7.421131,-6.241951,3.911538,-5.264502,-2.198512,8.250422,-3.345940,0.076803,2.776472,4.723598,-4.150185,-1.419372,7.689573,-3.948507,7.142828,-3.835592,4.977945,3.917933,-7.316827,-5.956223,-5.809430,4.902076,2.437914,-4.579581,-5.423084,3.859168,-6.616771,7.288342,7.733658,3.156594,5.868722,5.154789,6.914644,-0.219739,9.890287,-5.283868,-1.969317,-3.455653,4.792936,-9.192845,-8.732055,-9.357249,-0.612218,8.957518,-3.305757,-3.469390,-4.878073,-8.327812,-9.551456,-2.194901,-4.284036,-5.360886,-7.292825,8.153879,0.059533,-2.715909,2.013046,3.442763,-5.427567,-0.253296,-3.400643,-9.558845,-5.098507,-6.485999,0.221416,-5.208220,-1.769867,8.252098,1.336127,-6.976932,9.059254,2.604074,-6.334181,-1.552964,1.561592,0.360062,4.977646,6.683517,2.032250,5.426188,-5.511383,7.748215,-9.934696,-2.804207,5.902094,0.124837,4.479884,-2.084860,-6.432401,9.052317,7.661844,0.166956,9.493473
-7.436662,3.680958,-0.285111,-2.644882,-8.088909,-2.033012,8.691246,-5.065840,-2.973760,1.295320,-1.400022,5.473275,-7.143089,8.960041,0.450921,9.540428,0.992292,-4.122890,-5.970954,-1.259493,-4.057586,1.224838,-5.357399,6.067249,-4.295277,2.557741,9.634850,-5.242960,0.219585,-0.198194,-5.749488,2.782925,-6.517236,3.965401,-9.861958,-4.606145,-8.067612,8.829290,0.328014,-1.041372,0.124608,8.927994,-5.568096,2.981520,7.888035,4.882824,2.521949,-1.119673,-9.240066,6.550995,7.620834,-3.297651,-2.224166,-7.736565,-7.230401,3.480557,4.821177,-7.595551,8.237597,-4.959237,2.206254,-7.511892,7.823687,5.689018,6.453508,7.961729,-8.917128,8.385895,6.791018,1.410887,-2.655476,-3.084373,0.338881,1.776427,9.897148,-1.773085,-3.340748,2.419096,7.107243,-2.580813,-1.029909,4.728077,4.121534,6.745926,6.991512,6.891134,0.226480,1.812688,9.295582,-1.535922,6.853451,1.501837,0.952186,4.677137,-2.809146,-2.594306,2.638866,-1.726274,-4.208410,-0.570114
9.684614,3.136114,6.345514,0.023495,-5.087459,6.242661,8.250410,1.571794,-1.338243,5.357652,8.990980,7.631847,0.085728,3.112516,4.377773,-2.922760,0.003651,-5.395746,8.889927,-0.700768,3.068333,5.743379,-9.198932,-5.979482,0.420515,-2.008078,1.426211,-6.940617,6.265650,7.217802,2.489269,5.950264,0.353916,-1.165217,-4.026242,5.266458,-4.922556,-5.775832,-3.161749,3.739201,9.581820,-4.170768,1.371049,-0.332452,8.941748,-4.251178,6.744789,-1.054603,0.353077,5.634716,8.244629,-6.578591,1.378094,9.045698,-2.558074,-8.201391,-2.962380,8.868137,-5.142008,-6.696731,6.085939,7.347261,9.253532,-3.560144,-3.817956,-4.772710,-8.293687,1.259488,-0.548542,-1.455437,-5.001311,-0.966722,4.373796,6.369740,8.700827,3.315543,-7.881439,5.445616,-7.739059,2.471638,1.080332,-9.494431,5.893045,-7.541574,9.551266,-6.665028,-5.742966,-3.411114,-7.796889,-0.884974,-0.107844,8.289049,-3.537712,-0.854312,-5.271094,2.644331,4.372979,-3.564782,-6.096180,-6.175562
4.979782,-1.097490,2.857716,-0.646422,-4.727752,1.558544,-7.330879,-2.609191,-2.995840,-5.069939,9.862446,8.084492,-4.564369,5.755492,-9.457083,-5.013103,9.090464,-5.200048,1.575784,-8.706425,3.914978,-8.532061,9.582626,-9.622734,0.613627,-5.688469,3.021598,-5.013393,0.746750,6.925419,-1.188956,-4.273469,-4.172072,-8.331240,5.080109,1.100176,3.227304,7.749229,8.490984,-9.768536,-7.320709,8.353432,8.315956,-1.885078,4.108924,8.858873,3.101818,3.199388,-6.341175,-5.322397,4.492962,7.573803,-3.854458,4.075588,7.951071,6.759171,8.387119,0.972668,-8.254223,-0.866133,-2.101914,0.556821,4.860399,3.726013,2.225581,-0.059492,-5.173811,-4.547114,-2.310262,-6.682826,-4.315649,0.369029,-8.329395,-5.999692,8.483950,5.779529,-7.140819,1.585769,-1.021084,-3.481994,6.263371,-6.528121,-5.908190,-7.591087,7.547466,-7.957120,9.168083,5.934586,3.015547,-9.086140,-4.931547,-9.086368,1.470681,9.928852,4.639646,-6.303737,-0.130640,9.465836,-0.850851,7.559097
-7.216991,4.833500,-2.071874,-5.546386,8.833807,-3.587924,-9.766858,-8.307011,7.997845,-0.787943,-1.789004,4.261216,2.683936,2.302807,6.670130,0.231403,4.345685,5.838212,-3.834012,-2.638767,6.752073,1.234442,-1.725134,-1.777246,1.163293,-7.085489,1.919017,-8.967346,-7.619654,-8.931834,8.591751,-4.836645,5.901666,-3.480123,-0.383032,4.735475,2.931953,-0.149890,6.428463,0.929798,9.062168,-5.360541,-4.808986,1.746105,6.942265,-8.138857,-8.022491,1.287951,7.699354,-1.856503,8.649183,4.451427,9.377939,-3.075951,-7.325819,0.541231,-0.161440,4.593199,1.573886,2.218906,5.661364,0.165636,7.382261,1.563030,6.685513,-3.000770,-3.701496,-0.382532,6.849340,-7.273032,-9.452734,5.911509,-2.633573,-4.261720,-2.342387,-5.691308,-2.400577,-0.364879,5.596643,-4.701221,7.778618,4.245827,9.750206,7.156555,-8.830124,-7.575613,-2.302212,1.008436,7.017586,9.271673,-6.772656,2.678949,-0.562691,-9.390395,-5.758019,-3.877177,-2.391166,0.540484,5.740290,-5.541825
3.267452,6.287556,-9.630317,-9.366120,-7.974164,-1.972704,-5.057428,-0.374741,7.662418,-9.460785,4.924038,5.441035,4.785043,4.674243,2.597590,5.954919,7.098631,-9.704621,-3.036645,4.116216,9.567051,0.190698,-3.204834,-0.995640,0.800303,1.037146,5.127183,8.409138,-8.422369,0.867473,-7.132688,4.845084,-2.844971,-6.763005,5.478964,-0.819135,1.264292,-9.578465,8.806124,-1.073292,-9.039248,3.730162,-5.632256,5.745793,-1.595596,6.965336,1.700712,-4.496965,7.260714,8.664066,9.619251,6.827766,-1.145235,-3.585583,-4.167874,9.655067,7.451563,-9.040691,8.064205,9.029194,1.826782,-9.068481,3.874278,8.981812,-5.831487,-0.646759,-1.837323,5.432805,-0.225224,-3.031199,-5.640486,0.735529,-9.301038,-1.272742,-3.518679,-0.896634,-4.307407,8.182034,4.606400,-7.046693,6.846102,4.225653,9.781073,-4.299133,-9.359931,-4.386802,-4.644065,8.091633,-3.427493,-6.579859,7.120827,8.399288,-5.648341,0.995103,7.381100,-1.479827,-9.651655,-4.456222,-6.047023,0.123121
2.512579,-1.687509,-9.141351,3.211541,7.039749,-2.660029,-7.685093,-7.267658,-4.477995,6.921309,-4.314352,-7.631894,1.146960,-4.533279,-1.931026,1.787028,1.079918,3.424908,-0.121340,7.652424,6.845051,-3.000514,6.051714,-8.803291,7.994591,3.432816,-0.283118,8.342936,8.976593,3.669859,-1.533944,1.489172,-8.017651,-0.675295,-5.299287,9.022099,6.664677,-2.984380,-8.245560,-7.813317,-6.063072,-2.559910,-5.445211,5.083887,2.906810,2.623762,-3.129084,-6.013271,-3.951330,6.749577,-8.360847,-7.106280,-6.250937,7.690866,-5.909571,-8.256348,1.123684,3.807310,-9.913413,0.100277,-2.522831,-1.447356,-8.410552,-0.540482,7.877350,-3.709839,-1.518382,4.542027,3.305780,0.236058,6.728708,7.242710,7.676147,-8.716502,2.326597,0.582958,3.907260,9.197514,4.569687,9.955931,5.947090,6.208839,-7.150349,9.696152,3.899708,-3.059920,-8.560195,-4.976609,-9.252610,-8.473608,5.123667,-1.775441,0.079036,6.713116,7.684076,-2.043615,-6.996724,-3.834305,-7.501589,6.309057
6.401752,9.227121,3.551767,4.077902,-9.489382,-4.121637,-5.339140,4.417878,-4.924123,9.230545,4.373809,-8.977034,5.439386,7.223461,-9.280881,-0.660907,-5.836460,-7.841076,4.362484,-5.089070,-6.314684,-0.513850,3.135489,3.764352,-3.800735,0.819567,-8.279263,-0.797460,6.985262,-5.780852,-4.488402,3.387014,-6.553732,9.063364,-2.535083,-6.043114,-5.058273,2.125776,8.374765,0.017604,1.356323,2.748575,1.040571,-3.204291,-0.027966,1.759690,6.134802,4.135575,3.918613,0.497285,9.046505,7.603930,9.983437,2.181993,1.368282,-3.817299,-6.998441,3.089018,5.385242,9.986820,7.308167,-9.103161,3.373835,-9.245566,9.960203,-9.161248,-5.288679,-5.098070,2.964527,-6.913914,4.919535,-5.679150,5.834661,-4.039895,1.116558,-4.193304,7.719795,-2.748640,9.942270,1.638409,7.748646,8.988775,-0.757662,7.732082,1.170769,-9.389380,-6.085217,4.172327,3.699637,9.300024,4.159147,1.007804,-9.803137,-2.467017,1.762238,-9.842934,-1.628264,6.473558,-4.941003,-8.663736
9.559645,9.978531,-4.342887,5.394305,-4.061364,6.773672,-8.799000,-6.341569,-5.974967,-8.856730,5.296840,-8.226321,-9.867954,-5.460823,9.505760,1.302814,-4.850203,-6.579456,-4.524858,8.849434,-7.279433,9.634291,-0.142762,-7.082569,-2.832726,-8.380525,-6.925503,5.539008,8.093035,-1.866507,6.875271,7.652678,-1.887976,-7.467614,3.046982,4.050660,9.306057,4.247982,7.709091,-6.668910,5.391253,3.005930,-4.895231,5.523299,7.545107,-5.389471,-3.173886,-7.305095,-1.968927,2.301256,-8.455660,0.751639,1.935547,1.401578,3.669071,9.102821,3.021053,6.743568,4.641829,1.114087,-5.122939,1.517101,-1.233235,2.989086,4.049487,-8.186254,-2.960254,3.355545,6.061729,-5.251163,6.686634,1.452982,7.754766,-8.208595,-3.023719,5.299874,-3.598066,3.802395,7.994780,4.433007,-3.896348,9.539120,-4.815353,8.039200,0.940697,8.853718,7.142019,-6.038249,5.597285,1.783849,5.075837,-9.525654,-6.699049,-6.157398,3.463431,7.350439,-4.343651,-9.496822,0.705984,-8.281921
-4.747985,-2.607381,3.171061,-6.993218,-0.815976,-9.852658,8.306658,5.585958,3.949737,6.301437,0.018964,-9.946611,5.840557,5.203610,8.092587,-3.218746,4.057329,5.234606,0.743004,-0.345387,-2.981544,-4.181157,0.128961,0.319407,-0.338555,-6.407608,-2.330155,5.317794,-5.904429,8.375830,7.035872,-0.652415,-4.231552,0.206933,2.354366,4.952471,0.354275,0.661024,0.538429,-5.695989,-3.037539,-9.442607,-5.642601,-7.196984,5.761004,-7.550014,-0.415730,-0.181667,7.684593,-9.672726,9.472946,-5.296951,-3.853883,-0.398093,5.022455,5.807562,3.194300,-7.307699,1.125356,7.289869,-8.931870,-1.838772,-3.362545,-3.163422,8.368160,8.991821,-8.210950,-1.277566,-0.347155,2.327479,3.026445,6.615307,2.884873,7.383844,9.418322,-1.354123,9.833830,-0.997408,8.464211,7.518423,-0.670134,7.937157,-7.778528,5.475983,-2.460937,7.243927,1.283545,-9.266637,9.936230,-7.591100,8.023233,-8.995641,0.570127,-5.339312,-2.159062,-1.061713,-6.347489,-0.370012,7.660721,3.305357
-8.042533,0.687166,-0.079338,4.842340,-1.928989,-0.661016,-6.511784,-2.095159,8.341576,-8.047573,-4.576735,-2.328558,9.889584,-2.355263,-6.852575,-2.571353,-5.111335,4.430969,-1.837990,-5.175106,6.839869,-3.814756,-4.170747,-2.590003,0.845932,3.670191,6.348284,4.498443,-6.699822,4.009005,-2.196201,-4.742355,-5.303829,7.724461,-9.900016,2.767181,-2.936556,-6.411799,-9.327977,-4.594980,-4.459373,-3.904712,3.076462,-4.569790,3.740025,6.223886,2.858857,8.628691,0.654856,-8.979133,-6.546416,-2.505275,-2.793889,-0.717162,4.904720,8.052044,-7.046972,1.253004,2.550487,-3.746795,-4.737991,-9.645715,1.510850,-0.041821,8.078745,1.610834,-7.274639,-4.857810,5.199036,-6.602616,0.547210,-9.260337,-0.507329,-6.376328,-3.830127,-6.767304,9.847559,9.028730,-8.138614,0.502415,-9.950401,-4.685030,7.997139,-2.744289,4.597808,2.901861,-4.692245,7.550835,-5.845134,7.858240,-6.195959,-0.583125,8.212526,5.314892,9.375053,6.291271,-3.074274,-7.899585,-8.566540,-7.875238
-4.502202,1.980671,-7.135575,4.990469,5.604342,-0.965701,8.223166,5.451900,-1.936971,-9.915448,-4.045684,-1.887372,-4.600477,-6.048544,5.368338,9.997332,6.853317,-9.323908,7.548166,-8.991817,8.534332,-8.647792,0.425057,6.746859,6.667101,-0.199888,3.038129,-6.407173,1.900528,4.471589,-4.282412,7.398325,-3.547740,-1.417987,2.388794,-7.943398,7.616312,0.611959,7.508503,-4.320659,0.696511,-6.537180,3.791969,6.096035,-2.585723,-0.839692,6.093365,-5.732406,-0.163601,3.641531,-4.724222,-1.629268,4.993740,5.700835,-4.882410,1.660841,-4.499053,8.155720,5.253667,7.401474,2.627310,-9.028745,4.799800,9.079569,-0.446731,-2.811406,-8.863829,-2.830419,7.800554,8.644674,2.848922,-1.502934,-7.892505,-3.359108,-5.406900,-0.478229,5.801200,-9.313535,3.789366,-4.362401,4.327997,9.065144,4.008331,-0.678263,4.765978,9.125921,-9.017423,-9.733074,7.281641,6.236244,7.668400,-0.091049,7.207500,2.468200,-1.011480,-3.239231,9.656794,0.124692,3.930350,7.457350
-1.230633,-3.220728,-4.045586,0.876863,3.420163,0.547515,-9.601365,-0.778637,1.233980,4.188000,4.858962,-4.438023,3.253143,-1.132707,4.883715,-1.980878,-2.006785,5.866293,-1.713952,-4.725144,2.102537,-4.045552,5.183806,-0.689963,8.422647,-5.827674,6.070807,8.079443,4.297018,0.001155,5.536793,-6.933615,6.780428,-8.508793,3.943248,0.200591,2.038722,4.341883,9.421955,-6.727298,-1.470118,4.280916,-1.165321,-8.216974,-6.851790,-6.281606,-0.197852,1.141424,9.584686,8.088196,6.416281,1.687222,-5.957356,1.600086,-9.002741,-7.534708,5.772413,7.068066,-9.455266,0.069431,-2.930779,6.081526,3.135817,-6.150352,7.572733,-2.920936,4.050241,-0.388546,-8.579054,3.472195,2.884157,-0.049171,-2.246889,-8.281164,1.733855,0.901321,-4.562770,-8.463998,-7.957255,-4.978084,9.624197,8.459026,6.709139,-6.333158,0.059114,7.706398,-3.867867,-4.168473,4.774464,-3.323133,5.900957,-8.156317,-7.241607,-0.963225,-4.306668,-9.668874,6.115839,9.743572,-0.057420,7.536785
3.215766,-7.173264,-2.512386,-9.031122,-5.454428,9.221468,1.870198,-0.017199,-9.242529,3.912944,5.004717,-9.618331,2.371969,1.713857,-5.951490,-7.568918,-0.579746,0.180643,-1.737391,-5.805283,6.857512,-5.836433,-3.961600,9.615902,3.200341,1.731731,9.947029,-0.683821,1.475304,-0.110391,-3.147036,-5.308930,2.716346,4.340578,-4.340053,7.261917,3.562046,7.530146,-2.755280,4.319517,1.443089,-7.750563,4.701186,-6.184942,3.963293,8.749697,-3.753860,-6.616453,-1.069661,4.508749,-2.421736,-4.212150,8.672316,3.616665,-4.596247,1.872656,-4.651604,-4.649217,-8.811165,6.823700,5.240393,-1.958200,-8.485230,-2.043262,-7.617622,-2.825284,-4.781344,5.944425,-5.295138,2.463375,0.263943,6.147951,4.712812,-5.034872,9.963009,-1.323895,-6.285175,-3.790851,2.059652,2.645164,-9.282102,9.637917,8.433014,9.390213,3.254581,-6.163232,1.262870,8.602978,-0.812450,2.451705,5.426676,-5.572058,-9.506495,6.941446,2.384681,-7.124117,-5.883837,7.603336,8.820309,-1.178974
0.066711,-0.915750,-5.031024,-5.220476,4.049378,-5.068014,3.455630,7.764204,1.141136,-4.484716,0.409369,1.859034,-4.846800,-1.157617,1.249247,8.407782,2.679150,-7.487884,7.010759,-8.133299,4.963822,2.437435,-3.705358,5.457327,-0.621119,8.679323,8.333210,3.495045,6.282660,7.153519,-7.683929,-3.650629,-3.762231,-2.714953,1.128895,-9.712852,2.217033,-5.415474,8.051352,-6.641831,0.099810,-1.539280,5.217201,5.253010,7.303102,-3.533551,3.660791,-0.017747,-1.021435,0.671550,1.848954,-6.057612,-6.891015,8.143597,9.399715,2.487867,6.822920,7.732925,-4.017088,3.105579,4.886444,-1.701017,9.454950,-8.875787,5.584029,0.583847,-8.588639,-2.198938,5.168372,9.462711,1.159230,-4.731818,-2.076568,-3.623568,-9.478808,-4.773465,2.842882,4.181984,5.208788,-8.178553,-5.146467,-2.942257,-4.236165,-2.037482,-4.798661,-4.836451,-9.549615,-7.975741,-7.103525,-3.566703,5.129838,7.782919,4.732279,4.584789,8.907131,0.316309,-4.831364,-9.681508,8.117371,-9.662992
9.781204,-0.723399,-4.394810,-2.295364,5.653033,-3.873618,2.931170,-1.504086,-9.691634,-1.860041,0.317362,-4.838101,5.197701,6.081196,3.124417,-9.600959,-8.755255,3.574801,-7.576700,-5.858780,-9.991901,7.553139,-8.075861,4.740377,2.137928,-9.168730,-4.943314,7.306562,-8.850238,-6.825943,7.643572,-9.069035,2.450657,-6.751238,-1.364398,-1.896310,-0.624856,-8.433228,6.599606,-0.316490,-0.293268,-3.083034,4.845408,-5.095566,-7.001837,-2.030174,-4.696526,-5.757092,-8.455373,-2.273225,-1.615871,-8.447273,-4.720087,0.308267,6.293104,7.417841,1.139537,-8.650209,4.724403,2.289299,-5.476153,2.367975,3.220264,6.974504,5.616737,-8.144134,-4.921806,-5.008118,-6.577361,-8.322201,4.675392,3.129372,-1.405234,-0.479199,8.033806,1.592928,7.490627,-6.662720,5.835837,9.035254,1.064054,-5.780035,-9.412020,6.343967,4.528232,6.881084,3.761808,-4.332232,8.230875,-1.513787,7.957067,-7.245278,-9.145812,1.177332,9.729225,6.470924,3.033198,-5.192580,-8.537193,6.455837
-3.514781,6.138199,-0.414792,5.079985,-4.341001,-2.380987,-3.327086,-6.850374,0.956293,-7.491250,-7.815121,-7.979652,-3.271285,-7.227140,8.364315,-8.743053,9.653944,2.126123,-3.075285,7.884819,-9.387664,-5.118218,-9.360459,-8.533477,6.059114,-9.631233,7.937449,-0.907688,-4.823813,9.400255,-4.451851,1.661406,5.538454,5.133357,-3.258610,-8.802546,-7.247629,3.414303,-5.652920,3.708663,5.923053,-3.468041,5.729012,-7.348232,-0.695181,4.093327,-6.091287,-1.041237,-3.780550,0.833427,-3.156418,-3.168215,5.715210,-2.516876,-1.701691,1.774324,-2.148110,-3.764243,-9.133364,3.028076,-4.363987,-3.585215,-5.310518,-8.825532,-8.451859,1.430872,-7.628078,-5.699488,-5.154825,-3.280998,8.009176,-9.231772,3.250961,3.738188,-6.580005,-7.444220,-2.168487,-2.671291,1.514544,4.050962,8.162136,8.358126,-9.117251,3.877346,-4.158751,-0.818942,-4.348330,3.693140,5.416815,-3.481693,-3.278785,-8.947171,2.933091,1.410696,-7.772703,4.481234,-7.158432,-5.400781,8.781746,-2.313257
1.318221,6.790922,-1.545030,-5.430819,0.529109,1.874966,-2.875038,8.360622,9.203674,8.639505,2.411586,7.365810,6.997631,3.294334,1.243157,-7.161121,-7.524608,6.894829,6.532019,7.892206,-6.586864,-6.746766,8.945036,6.346228,4.663931,-8.827667,0.827460,7.505499,-4.228448,-0.390794,-4.807758,7.089771,-3.599872,3.647213,-8.341046,6.929237,-4.477821,-1.216085,5.289860,-5.274147,-2.576581,-2.298555,-7.908336,-5.578950,-9.004220,3.334823,-2.740071,-6.528828,0.229650,-6.208053,-8.636621,3.642787,-2.954819,-9.691585,-0.010987,-8.290889,-8.519252,-9.183527,9.214609,-2.747700,0.425680,-5.593147,-5.657928,6.825808,8.054066,-3.998974,3.755045,-6.423756,4.784942,-0.955095,-1.697902,-7.791639,6.746349,0.393763,-3.370590,7.742130,-6.271415,3.889339,-8.786698,3.958236,7.681286,-7.423319,-2.398977,-5.273533,-7.114903,7.590034,-3.564422,-5.634155,8.406509,-4.349811,1.618146,-1.167811,0.057041,5.960217,-4.342004,-1.888893,-8.038756,9.413040,1.687351,6.746185
-1.542055,9.989450,8.954546,-4.795705,0.383213,-4.416044,-7.053576,4.111797,9.473295,-5.840273,-1.929966,7.154581,-3.263593,5.671057,-8.118952,-0.378496,3.261091,-1.683372,3.987350,1.667601,3.966817,-4.394506,-9.500211,-5.976142,-8.434288,-3.842215,2.134966,-6.473044,-4.429173,-6.177683,-9.726859,4.028770,-6.188233,9.227686,9.233067,4.194980,-5.188358,-7.820509,-1.693224,-5.715063,-3.660783,6.376810,-8.560482,3.075624,2.047867,-6.679434,-7.302871,-4.691042,1.637193,6.684479,6.976559,-4.395990,-7.710028,7.476349,-0.372132,-6.144316,-6.365866,-8.237167,-2.617360,-0.795040,-4.414850,-2.344219,-6.766269,-0.603084,-3.116532,-7.533202,-6.408105,1.695109,-5.353711,1.898671,5.980047,0.985507,-1.724519,7.419565,-5.938868,-9.676653,-9.259869,-3.241739,-4.367695,2.377325,-6.557261,-7.391136,7.981335,-4.267288,-9.914787,-2.390799,-0.411604,-6.280653,-0.627965,6.971037,2.924307,4.957184,-5.373183,6.158039,-5.645900,1.510285,8.624836,-2.054005,-6.794605,-6.728875
9.844667,9.185442,4.256632,-1.879852,6.605007,8.317764,-1.556504,7.345139,-4.923975,4.075802,-0.277537,-1.481236,6.684666,-2.296202,4.251476,6.769878,5.313000,-6.160128,-9.510776,-5.314966,-9.189092,3.413532,9.642218,-4.562274,-0.428430,-6.003682,6.948011,-1.803594,1.942312,-9.846595,1.467532,1.786980,9.338848,-4.275836,9.907129,5.943853,-5.958072,-1.649376,3.288992,-0.882047,-7.573575,-6.988545,7.636717,9.111092,0.715252,1.888194,5.880970,-3.971748,5.728065,6.370193,0.713286,6.538975,-0.216274,0.355503,-8.023299,9.355295,4.351822,8.924711,-2.448298,-3.705865,9.078117,9.019234,8.081114,8.416964,-5.256603,7.988243,4.360818,-1.214675,-3.661132,-2.350191,7.903278,-1.234707,0.661263,5.539995,-2.123616,-8.623485,-2.571811,-6.242647,-2.595232,-6.843745,-9.872452,8.118053,9.695229,-0.088726,-1.526443,-8.328070,-0.733431,-7.174621,-9.403358,6.818272,-0.880486,9.674759,5.837505,-2.799371,8.091722,-9.419098,-4.811127,2.452540,-0.633773,1.527740
-9.897651,-2.730494,-9.706967,0.763613,-7.190499,-1.830584,2.140129,0.237690,1.926770,9.544895,3.393946,2.054318,7.662949,3.089175,-8.034409,-3.863492,4.761106,1.232162,-1.038113,5.357747,-1.949567,8.081402,5.032506,-6.112062,-4.717969,3.124228,-5.531159,0.470904,-4.423231,3.835068,-8.001356,-4.320882,-8.895427,-7.708323,6.442730,-6.085926,0.461093,-1.417142,4.151765,-7.612137,-1.872245,-2.454290,4.442182,-4.209295,-9.365114,6.407774,1.927213,5.395992,-2.360065,-9.110901,0.753738,5.690369,8.970501,-4.213754,9.578306,-5.747467,8.910475,-5.952853,4.723436,-5.512756,7.882215,6.722080,0.166363,8.986788,9.013756,-3.390908,-7.099138,-0.525150,5.191951,7.052628,1.862713,-6.680294,-5.401663,-3.695106,-0.889589,-4.766777,-7.287333,-8.962378,-9.370786,0.352602,-8.073277,1.382954,-3.957030,-9.102777,7.169201,-4.378724,-4.850244,6.079676,-0.331577,9.873194,-9.433081,-2.449362,6.595272,0.733281,-3.462574,5.609030,7.342373,-0.561712,-4.916121,2.534325
-3.509086,6.946592,5.854031,1.089251,-6.748514,-5.035558,6.322475,-4.035846,-3.997936,6.951689,6.316755,-2.071213,-1.665358,-7.640274,-1.173990,-4.496157,-2.018998,3.975767,-8.416482,7.649426,3.848961,-7.849564,-4.799937,0.444233,2.883718,1.737489,-3.946738,0.226091,-8.824224,1.137142,-7.239584,-2.333310,-1.916266,8.614447,8.755941,1.335220,-6.421111,5.078415,7.299374,-0.419046,2.030104,3.616131,7.509741,-9.635253,5.975857,-3.664249,-4.131411,-6.043141,-9.688482,-2.547893,-8.393716,4.160479,-0.397456,-3.193653,-5.395289,-7.513739,8.543837,0.657973,2.712353,9.719612,-8.204885,5.472769,-2.613699,-0.121151,4.087215,-3.857758,-8.785931,7.666105,-8.779343,8.513443,-2.752941,3.250761,2.129575,-5.243201,3.615508,-1.894568,1.092549,9.484097,2.062290,1.404067,-3.063796,3.668574,-4.435454,6.538748,-9.525078,0.169256,9.025009,9.018757,-9.172771,1.737361,8.738369,-7.377656,-2.789870,-3.875330,2.501193,-8.702654,2.266912,3.715263,8.963451,3.487569
2.228707,-3.789490,-3.261670,-5.641718,0.967310,-9.646162,2.463713,-7.940141,9.837934,-5.473997,3.463926,-3.225861,8.194578,9.028471,-6.687113,8.669498,-0.802271,-7.662105,7.688257,0.024958,4.075256,6.426626,2.647303,-8.714613,-7.448704,-4.851504,-7.417266,4.818209,8.863758,-8.453815,-1.694223,1.092467,-2.243305,5.044107,5.450749,8.724005,5.397944,-2.085538,-9.216136,5.235880,2.440466,4.247790,-7.989982,0.635043,3.276263,-4.677095,-0.695457,-7.526009,-2.339199,-3.007200,2.498950,-8.263943,-6.580574,-4.853749,-6.978555,-4.029278,0.294747,-4.395822,-9.211071,-0.841493,-2.849637,-0.905293,-9.749026,4.907059,-5.861187,5.701723,3.631063,9.536758,-6.383815,4.414928,4.772638,6.056650,-1.337281,6.782656,-3.308306,-8.061019,-7.894439,5.996237,-5.587027,-0.233639,-7.010963,6.911922,1.502419,-3.591537,-7.941826,4.523864,2.379185,2.352922,-9.871958,3.168115,-8.488571,-2.721594,-7.737180,-8.237597,-7.814535,-3.598366,7.464127,5.816528,-4.061608,-8.919689
0.231456,-9.288971,7.136961,8.894175,7.493685,-6.171344,-9.166844,9.599245,9.824892,-4.753871,-0.634392,-7.186070,-7.841949,-9.131972,-0.777608,-5.783775,5.391892,-8.398423,6.569145,5.519934,4.769691,8.080574,-7.201660,7.032511,9.842978,-5.016194,-6.565855,7.307102,-9.199666,-0.627463,8.387415,1.031790,0.083566,5.524376,-0.074036,-2.422750,9.353031,0.759120,-2.823503,9.177925,6.005249,6.542105,-8.008146,8.163300,7.410133,1.214247,-7.620476,2.802024,2.815824,8.948669,-1.678041,-2.414485,7.029245,1.120299,-5.381974,6.872221,6.104103,-1.947829,4.179325,6.904438,7.424707,2.566738,-2.063772,-2.491727,-1.908886,7.862192,5.085524,-2.555854,-1.378688,-7.737980,-3.377930,-5.373439,8.804125,-1.386076,-7.210140,6.214258,9.828171,-4.830616,-0.983719,2.643994,-5.881946,7.338240,-9.770491,-8.852701,-1.541462,-5.152464,8.019520,-5.437358,2.899706,2.198845,-8.532920,0.324413,-5.234416,-0.596693,7.832685,2.856698,-2.734501,2.918209,-9.699156,5.886811
5.180229,-3.077085,-9.486628,3.984355,5.536839,-6.696768,0.198612,5.365009,-1.527383,9.214893,-1.990996,2.590672,6.553133,-1.761487,3.737970,-4.988329,3.086048,1.757490,-0.425687,-4.014245,-6.043664,1.041393,6.310169,-1.278081,-9.555300,4.142855,-8.421383,-2.289800,-2.938936,-8.120539,-6.402988,-7.758707,-1.197624,-5.889616,6.225647,-5.660786,-2.586384,-3.575741,9.704224,5.886232,-4.360848,-2.286773,-1.523095,-7.807715,5.951740,-7.785125,-2.796044,-0.962212,3.972366,6.778269,5.023544,7.928701,-2.180338,1.333712,-3.349380,-1.735638,-4.523434,-1.770762,5.974562,2.537630,0.108700,9.571573,4.778921,8.911074,-6.318043,1.004570,-6.749711,1.095572,7.428829,-7.045488,-3.018194,-6.932020,0.667740,5.458710,-4.739736,-3.380520,7.673586,2.464219,5.657269,1.645951,-0.757511,0.680813,-0.425348,7.062151,-7.985476,6.225273,-4.673488,-2.508910,-5.545489,-8.698926,-9.971281,4.563210,-9.127353,4.807642,3.474284,-5.445395,-4.187789,6.724573,5.650177,-6.758962
9.679087,-7.368017,-3.690982,0.346825,8.090693,1.569283,6.966305,5.764278,-5.966497,2.623573,-2.589770,3.275990,-6.695614,6.984880,0.338140,-4.681090,3.210154,5.664654,2.809999,7.664663,6.965729,2.838718,2.227874,7.838375,-2.353640,-4.297842,-7.607021,3.458570,-7.573268,8.043156,6.699608,-7.894182,-9.324862,-6.991373,2.452642,8.765833,4.577909,-0.581052,4.530110,8.611412,-7.957478,-8.059660,1.887403,-4.653092,8.925220,-7.774456,0.665817,2.135374,7.890198,-6.524182,-0.199961,4.855925,6.314537,-7.972087,2.694301,-6.039104,-2.269929,5.087279,7.419466,0.156803,3.130435,4.119076,2.262621,3.805574,7.127703,-5.284737,2.571406,1.705613,4.134212,-2.898483,0.317025,6.176735,-0.958143,-7.795571,-8.476358,-2.032923,-5.570027,2.189460,-9.897548,-7.679830,5.665277,-0.097508,7.176096,1.979813,1.930404,-0.129605,5.940709,9.660475,-5.042326,3.360175,-0.182722,8.088110,-2.520750,-7.920101,1.893682,-5.393047,-3.204837,-5.534912,6.312565,-9.070626
1.566606,-3.370409,7.106108,-9.391539,-1.165980,8.629749,-1.424460,3.263992,0.819208,-1.322008,5.584163,-3.515514,8.580482,2.760258,8.464300,0.510887,-7.369347,4.405007,0.171362,-2.411673,-2.234817,9.988640,-4.323564,5.244434,-7.931460,7.570118,9.851387,-1.136297,-7.964792,6.163952,-0.206923,3.601813,-7.206456,-3.100816,4.210274,1.627563,-4.471066,-7.214186,-5.108444,6.348143,1.463805,-9.524282,-7.167371,0.044289,3.235977,-8.703072,-9.444824,5.866631,5.701935,0.726539,-6.545042,-6.532881,0.715179,-0.868606,8.711552,2.783719,-3.298486,8.562939,-8.352578,-1.263278,4.726892,1.440498,-7.661465,7.520435,8.339684,6.548809,-0.852001,-6.131384,9.334623,4.039556,-9.783241,0.798429,4.515275,-6.950613,-9.157282,-2.248749,-5.653685,-8.602106,-6.382118,-9.951749,2.124434,-2.927160,-6.484630,-7.160387,6.204235,-7.773078,5.623332,-7.094251,-9.210138,7.270754,1.642470,5.516753,-1.288747,3.981005,3.037189,-2.949064,0.529815,-7.814811,0.919552,-0.135561
6.224745,1.136311,-9.337132,0.740019,4.185697,-8.494413,8.491270,8.532013,-7.096519,-7.890849,8.580263,5.027914,-0.818008,-7.904366,7.867527,-4.613774,-5.677444,3.490859,-1.708025,-4.887583,0.761614,9.934446,-9.370830,9.472868,3.915451,3.666359,-3.476197,-5.554734,5.851549,7.443354,4.309704,2.076293,-1.420335,4.972573,-7.183688,-7.234638,6.478159,-8.692418,-8.702625,9.381639,-6.583267,9.877638,4.409554,2.598724,-8.026729,2.277081,7.984951,-3.704173,-4.232060,-3.723075,1.408244,6.529554,-3.788630,2.037415,6.002422,-9.873179,-4.296226,-7.473775,-5.427913,-8.444677,9.969580,8.881792,3.631616,-1.450756,3.854364,6.447927,1.314606,0.332523,7.755510,2.611980,-0.285836,-8.827757,2.489618,-5.876283,3.770967,4.462890,6.400799,1.755919,-9.241283,-7.831262,8.032843,2.166962,8.698292,-5.755787,-5.795624,4.700714,-5.628966,-0.091850,7.226940,-1.056879,1.463472,7.196518,-2.175088,-4.904911,-4.254237,-8.320724,-8.456984,7.060369,2.011801,9.298527
-0.327651,-8.274035,-9.529231,-7.838033,-4.150318,4.241737,6.624857,-7.749519,-4.002346,7.383574,-5.580782,-5.969503,-0.449465,-6.882489,-1.725290,3.754911,7.818224,2.645744,-6.336939,5.045164,-8.411136,5.126534,2.241682,-0.586223,-9.778378,7.987446,1.093054,-8.235361,5.047813,-6.895145,-8.936834,-5.279837,-5.169181,-8.466064,-3.117869,0.680502,5.775672,-6.493012,2.930983,-8.226674,-9.109438,7.350201,-4.196177,0.441098,-9.532289,4.078533,-5.803991,8.285936,-3.275723,-2.140930,3.331100,-1.686858,-7.014397,-4.427218,7.726919,-6.792774,-6.439773,-1.180027,-5.028135,8.608040,1.924828,-3.964969,-6.671796,6.755646,-2.431034,0.210334,-2.563851,-6.655362,3.717322,-9.632870,-4.882036,4.607885,7.717331,0.921787,-4.951018,8.185041,-4.999680,-0.755009,6.470978,1.724597,7.104061,-0.197923,-9.962260,-9.910336,5.374860,7.764658,-6.703110,8.935085,-3.415369,-1.731245,7.543127,8.509459,4.303785,-9.128669,5.265104,-8.127248,1.081666,-7.298747,-4.782610,-5.201013
-6.931616,0.335354,9.406872,-9.214286,-8.742860,-5.544146,8.970757,-3.742539,3.700846,5.441733,7.982059,0.804906,-4.756189,8.019798,0.894570,-9.381330,5.784455,4.191460,9.553757,-7.630913,-7.539785,7.096884,-9.121454,6.764000,7.968214,6.143650,8.636753,-0.950121,8.844904,-6.145858,3.848866,-8.086713,4.189496,3.255739,-7.300998,5.446635,7.711594,-8.330242,-8.295903,1.412438,7.111492,9.686155,-7.782656,-7.644697,7.705954,3.111914,-7.026027,3.490409,-2.696626,-7.472270,5.859495,-0.236412,9.624613,6.738041,-3.472411,7.592827,2.881691,-4.835658,-3.357293,1.726595,-0.981516,-9.508427,3.639883,-6.792020,3.747312,6.338884,8.654615,1.458904,8.008644,-9.641288,-7.128657,5.120135,-9.955132,-4.911313,7.475437,7.750820,8.200602,-9.550588,1.241228,-4.496026,-7.022858,-2.899275,5.267563,-7.398245,-6.161233,-8.204848,-9.805417,6.720459,-3.040506,-3.162711,-1.552946,5.977978,-2.671137,-7.913063,9.185959,-8.923824,8.425823,7.840572,2.535081,6.434465
8.199286,5.406424,1.554602,8.244154,-9.504889,-0.969960,5.994973,8.695711,-0.520548,-2.763798,-5.800314,2.456594,4.336927,9.467249,5.058350,8.175694,-8.737599,5.252933,4.896152,-1.778106,-7.909779,-6.656795,-5.800128,-0.580915,-4.569857,-6.614170,0.495260,-6.144034,-8.773598,-6.969660,-9.709569,9.425688,8.436764,1.845032,7.669842,8.931873,-9.124928,3.664814,7.627584,0.354524,-9.098984,-8.172729,-7.188882,5.237943,-8.705481,7.869469,3.413637,-7.443080,3.122400,-1.690212,0.778814,5.212622,1.652993,4.978686,-5.368294,7.083136,8.364515,5.126965,-9.060898,9.590918,8.157305,-8.770468,9.016607,6.594069,3.074565,6.686447,5.525942,3.949637,0.351261,3.153528,-5.695838,1.252277,4.980799,-2.884720,-3.509780,6.275318,-5.015252,9.903854,8.832237,8.107147,-1.786357,-0.388947,3.319769,9.866636,-5.410262,7.951473,6.949774,-7.045746,3.078440,7.888874,-7.454828,1.235744,9.118408,-8.438222,-2.170187,2.192973,8.248226,-6.644245,-3.857389,-1.400513
6.509283,0.446772,9.851763,1.490080,7.562050,-3.658016,-2.234601,-7.453201,-3.754160,-3.402363,-9.346053,4.459482,6.208689,3.973715,4.326120,-9.201572,1.925190,1.275893,-6.247319,-4.996371,-0.835231,-3.702147,6.239374,-1.716823,-2.140368,-5.930814,-9.523849,-3.892143,-2.575059,-3.381240,4.707344,-6.065777,7.065533,4.559108,5.424304,4.627583,-9.098909,-6.810297,7.174381,-2.853070,-0.212661,7.828329,-8.393587,-4.003971,1.802044,5.932533,-3.205543,-6.272766,-2.791573,0.547138,-1.269136,6.373198,6.844992,-5.029763,-5.343626,-5.295376,-0.960577,-4.867476,0.812481,6.464363,1.751285,-4.480175,-9.601413,-1.183184,-9.921068,5.822891,-6.555601,-9.019977,9.012592,-9.381219,-1.873047,-1.200067,8.447109,-0.266634,4.795962,0.249153,-4.334100,-8.409581,3.976388,2.874328,2.137557,-7.292749,-0.752477,-1.017451,-2.322512,3.903898,3.687172,6.716911,9.036423,-5.500347,3.181275,0.787705,0.019478,3.579861,9.604523,0.098410,-0.597248,-6.951079,1.078433,-1.584655
-6.332297,9.205385,7.215279,-7.885188,-1.061248,2.011240,2.363966,4.604653,3.601660,-3.659647,-2.521020,-4.260784,-0.952395,6.726503,4.721766,6.725092,0.630402,-1.591063,3.442002,-0.333178,2.908590,-3.376722,-9.545471,-7.071933,-9.796861,-9.940949,3.026477,-0.394109,-6.892029,-5.895091,8.021236,-3.224326,-6.689704,5.236513,-1.109514,2.249048,-2.752246,-8.745548,-3.146299,-9.150587,-2.405194,4.332681,-3.411370,6.642410,1.059184,-8.689606,3.367502,-8.310414,-0.280668,-3.190495,1.356409,-7.372079,3.432783,1.810937,-4.444011,3.635922,1.869987,8.582466,-6.758187,4.977959,-7.312624,-8.736951,-8.246368,-4.002329,6.499563,0.644117,8.246719,-6.252683,1.898570,-4.899580,-5.403269,9.493376,9.433100,1.185360,6.135786,0.492286,2.495755,-0.496711,2.181871,-7.784914,6.312794,-6.461720,-5.156992,-0.254422,5.349216,0.398997,-6.618500,-2.780797,-1.018538,-3.376687,-7.802838,1.668839,-2.113638,-6.049206,7.666510,-5.614075,4.594913,5.913229,-1.866756,-3.506517
-8.986352,2.729974,-4.013142,-9.553251,-6.084666,-7.877356,0.939034,6.411089,1.625934,-6.879096,8.626175,-2.061272,-3.340816,-6.530818,7.684305,-7.991600,3.868179,-8.934196,-0.772396,-7.150358,-2.310883,1.424766,4.518479,5.575480,5.375559,2.184990,9.961405,-0.029529,-1.901783,-1.905352,6.463953,-0.888134,-9.175378,-7.549188,-0.441385,-5.260044,-5.426544,-9.502352,-8.848954,6.199390,-6.381447,9.777220,-5.861883,0.277737,-6.753597,-8.177578,2.286137,7.114582,-7.111773,-8.486260,9.964224,0.577344,2.938505,4.482703,-3.847177,-1.685935,-3.332308,-3.885772,8.284534,4.765910,4.208878,4.748489,-6.122225,5.033499,7.199303,3.436389,9.773457,-8.227242,3.934038,-9.075499,7.972147,7.552589,-9.298279,-7.889735,-2.169673,-6.051876,-6.067313,-9.883536,-8.937294,-3.179087,-8.369797,-8.973070,7.398258,4.568709,5.509633,-6.448918,-7.117227,-7.822675,-0.334690,-8.832691,6.943233,-6.125813,5.915799,-9.178990,8.907686,3.115101,4.257399,8.681143,4.887858,-1.808563
9.605642,2.860006,-4.255972,-9.692636,4.970272,3.574354,-5.744511,8.902958,3.690817,-4.681805,-4.276128,5.321021,-3.654875,-6.877871,-0.110271,-8.145242,-3.326789,2.772503,-5.967916,6.338522,3.939812,-9.024682,-9.787292,-0.144389,-8.203672,9.120394,-7.029289,6.053728,7.801537,7.858570,-5.754836,7.407179,0.718575,-0.010809,7.714542,-4.311153,-6.436454,-8.029967,-5.408195,7.254364,-2.711772,0.315677,2.575384,3.633354,3.437806,-7.534886,5.488111,-9.888982,5.237617,9.520195,6.449539,-0.822572,-9.504486,6.662247,9.033039,-7.708158,5.782641,-7.996250,8.345570,3.584176,9.862320,-7.409266,0.991356,0.580894,2.579926,-1.294100,6.269743,6.143471,0.675932,-9.138453,3.397835,7.964161,1.177224,-4.026782,1.597514,-5.384969,-1.561668,-2.914374,-5.273952,-6.324052,-3.394179,-8.824413,2.853376,-2.898665,7.837833,1.886415,-0.606823,3.620474,3.890165,-2.261253,-2.795349,3.752484,0.329480,8.196007,-5.666620,-7.090595,-3.098093,-9.396878,9.052876,7.577839
-8.535331,2.450709,5.542000,2.641893,8.423927,-2.860487,7.256924,-3.137742,4.225140,-8.017028,0.538206,-9.169039,-6.841441,-6.608418,-2.067704,-9.003607,5.277998,7.325474,4.616867,-0.831837,-4.935781,-8.178481,-7.079352,5.393698,-9.982473,-2.745972,8.303104,-3.080567,-2.142849,7.355978,-5.502728,-0.678181,-0.193312,-9.960728,-8.036287,-1.769385,-2.821214,9.220636,5.092874,-8.596075,-8.796391,-4.368920,-7.765114,-5.637833,-0.977337,0.167183,-4.641439,-5.699339,-2.507345,9.975430,3.468823,2.556873,-8.203053,6.389473,-2.049427,-8.185526,-6.356500,-3.746324,-1.266093,1.500650,-6.390345,3.231180,-9.177530,3.416343,3.270451,-7.213818,-8.353042,-9.550763,-7.993181,6.739830,-8.146837,-6.789573,-7.629089,-5.911951,-2.427405,1.393574,4.255230,2.931155,5.694235,-8.252114,2.906584,-0.836943,4.304760,4.703531,-4.447470,-7.744667,6.518005,-0.803970,-1.490991,-4.748089,-9.303320,2.118665,8.483089,-8.480850,-4.464993,1.753542,-5.694667,-2.818034,2.202779,-3.687849
-6.078203,4.055941,-0.477421,-3.707292,8.143990,7.095173,7.686281,2.399221,0.026329,3.380516,4.147108,-7.067088,-7.456427,-1.548132,7.636444,-1.903897,0.707201,4.154448,7.292133,9.216209,9.406359,7.988813,1.334873,7.889450,9.507963,6.869881,-0.357009,-6.186704,-5.948153,-8.154229,0.125447,-2.026356,5.901712,9.648026,4.266352,4.045704,6.743200,1.952634,-3.555076,-3.230472,-4.666851,-9.407969,-0.297560,-2.123278,-0.956100,-2.661117,5.972825,9.751099,-8.506669,3.264959,8.967308,-9.100310,1.253772,0.302183,8.789141,0.761736,-2.827935,-1.567868,4.575032,1.223912,0.277902,-5.299520,9.197556,-3.820385,-5.651494,3.463907,-9.774683,-8.908295,-4.583459,-3.329759,-2.138766,0.749691,-2.737727,7.563675,8.626411,6.306173,-5.097442,4.599238,6.057272,-3.604112,-2.135803,5.024581,-2.704422,9.117968,-4.673235,-3.915282,-0.120296,2.498829,4.516850,-5.545265,-6.277259,-5.205249,-0.844785,-7.079703,0.974365,3.503721,6.384205,1.199683,4.595427,-8.199254
7.869925,-7.543339,2.550436,-4.867802,-9.979665,1.176848,-8.561629,-5.077107,-4.223913,7.495644,1.318781,3.640284,2.520224,8.614361,2.758251,7.846989,-5.300922,-7.362045,0.345818,9.215927,-2.907310,4.068560,-5.989322,6.247906,6.988855,4.985043,-0.248374,3.373060,-3.815274,-5.652947,5.173806,-5.945349,-3.196287,-2.275758,-0.813151,-3.175951,8.901091,0.625219,1.746942,-5.322823,-1.879138,-6.934277,8.317459,-9.358914,-8.319918,1.075712,8.488075,-3.620840,3.713667,-1.166108,-4.404913,-9.193642,-7.097549,-0.394236,7.054264,9.891306,-5.409192,-3.194110,3.264366,0.775534,1.152943,-1.561828,4.830185,7.956656,6.162415,-5.982967,-5.219295,5.063504,4.642252,6.527647,9.740681,-7.236887,9.593370,8.058142,-6.595801,-8.726547,-0.866146,-8.107727,-2.347388,-7.152479,0.726165,3.247700,-6.346121,3.628615,-7.146536,-9.291857,3.519922,-2.555728,-2.485968,-3.215711,8.219807,8.666975,5.222462,3.049992,6.623631,1.384876,7.067024,-8.595664,-3.551620,1.709276
7.931982,-3.810939,4.472389,7.525352,-5.752797,7.876589,8.798805,3.381057,9.768860,-3.548583,6.228579,0.495026,9.699118,9.882458,-5.876359,-7.447419,-9.409399,7.643564,-0.003148,-1.895367,-5.572147,-1.783341,-3.228392,9.650314,-8.733351,-6.604761,1.035191,8.333672,-5.200425,7.483570,0.042949,-7.268443,-6.327368,-5.484662,-9.743091,-2.080164,-7.608074,9.055714,-8.699107,-7.839213,-4.492869,7.529472,2.655812,-4.793752,7.411930,6.779453,-2.241172,8.002531,4.423018,7.755682,-3.892836,8.850870,-4.027660,2.878772,8.501184,-2.761012,6.274012,-0.463625,-4.427339,-8.926414,-2.980054,5.615610,-6.194858,0.692578,-9.869052,-5.937948,8.612413,-7.477126,-6.882234,9.913307,-5.316339,-1.375102,7.442778,7.339474,3.831146,4.854709,4.118928,-8.410026,2.857239,-1.458055,9.345655,8.964403,-2.607184,-4.682006,1.843175,-4.105999,2.556982,-1.882814,5.430375,8.129642,-0.809230,-7.549679,3.745253,2.995913,3.142900,3.876201,7.057964,1.755314,6.399075,-9.824269
1.668620,-8.917265,-1.199372,-0.888601,8.422207,-7.368227,-6.033893,2.541136,-5.778253,6.823347,-8.916920,-6.432598,5.787749,-1.524104,-1.114603,-2.369076,4.369896,-8.557621,5.748110,-0.199729,9.572023,-5.061121,2.250593,3.317276,7.934792,-4.606507,-2.806523,4.992757,7.148806,-6.407448,5.168488,-1.182573,-5.324713,-6.030885,7.928825,-6.902505,-3.399112,-8.105066,5.638630,0.822636,8.718281,6.721710,4.390038,4.506030,-4.802394,-6.724565,-7.863046,9.567503,-5.282186,7.885063,-0.632226,-5.710163,-7.176057,-8.381633,7.607115,-9.241264,-2.988141,-5.199409,5.751493,-5.839334,-1.606857,0.919980,2.978092,3.068429,4.889095,0.906918,6.165924,-8.510016,2.801852,1.804554,2.312620,1.520132,-1.473735,-3.297342,-3.973838,3.723871,-0.021907,-1.836884,3.291373,4.695908,-3.951821,-7.340852,8.985746,-1.127878,-5.722485,6.592859,-0.369142,1.289375,-8.606550,-4.617649,5.450040,-0.213408,6.302330,-1.571867,-7.144979,1.191426,9.335051,9.020947,2.681410,2.136902
0.825500,-5.005970,-6.342966,9.351765,1.696688,-0.316804,3.075637,-8.325219,7.846312,-3.632990,6.370689,-6.105509,-0.973843,5.356435,2.766614,3.303672,1.949293,-7.602529,-5.406953,3.342744,-2.220178,-9.956913,-6.870664,-5.917847,-1.528781,-4.015642,5.273580,-2.193730,-4.994697,-2.045011,9.943172,5.830804,2.949019,-6.399795,5.182570,-5.354292,3.283401,-1.741795,-3.679512,1.129713,4.625215,-7.308822,5.024204,-6.348628,8.047611,-2.209182,6.955044,-0.003094,0.188290,-8.451909,-6.660350,7.968113,-8.408823,-3.531013,-7.949734,0.062397,2.453344,7.323845,7.868666,7.458649,-4.721165,7.811836,3.289452,8.227856,-8.587957,-1.527979,-7.126438,4.695444,6.730227,-0.805949,-4.174843,1.355440,1.885228,-9.150639,5.006813,-0.067160,-1.359819,1.961857,9.929747,8.828470,3.509949,-6.730604,6.796583,5.101126,-0.261618,8.846848,-4.836478,-7.808273,6.170694,-6.967813,9.650375,-8.550471,-9.155975,2.939827,9.677383,-7.743933,-8.588152,-7.449055,6.951511,8.142073
1.744995,-7.223332,-0.502486,-6.369777,-6.373970,-5.495673,3.563065,2.266211,6.466183,3.492811,1.094680,-0.023869,6.762207,-2.108737,-4.922743,-3.499412,-3.261889,0.240779,-1.307686,-7.091195,3.272966,-1.657310,-5.641666,4.116991,-8.717484,-5.964283,6.373058,-7.305636,-3.413339,3.324568,-9.163562,8.331657,6.101236,0.333952,-8.038119,9.727266,4.838278,5.524945,1.993476,1.304462,-0.982244,-6.911844,-8.719406,-4.220038,0.979419,-3.642148,2.280550,7.717529,6.598629,-9.027135,-9.373665,-0.128404,-0.684445,-5.015331,-6.011413,0.598070,-0.979614,-9.638355,3.292436,5.607047,3.686213,4.128874,3.938704,-0.212551,-5.537175,5.900585,-0.485286,9.301105,1.425529,-8.491810,0.605566,-9.556715,-5.403655,1.886160,-3.776753,5.575764,8.244013,8.503798,3.293294,4.842643,9.476662,3.919629,-5.285761,-1.207783,8.904299,-1.297174,9.390289,-2.075316,-0.935529,2.682724,-6.468269,-7.249316,-3.188403,7.470434,2.538133,1.274423,3.371020,-7.947154,0.575527,-5.203450
-6.438964,-8.818907,-4.760165,-1.842619,3.067254,1.463081,-6.266854,1.311266,-0.033120,7.026440,-3.846092,-0.556458,0.946069,0.868148,8.235758,-0.149633,9.570974,7.626047,7.775051,-1.364554,0.308771,-8.693219,1.386128,7.120369,8.777216,-6.075739,-1.605209,2.148236,-4.022893,8.970318,6.944786,-0.461857,-9.848590,-7.815378,7.695524,3.218665,3.647704,-8.571330,-5.470069,-6.385417,8.455109,0.683840,3.058126,-0.598821,-8.448013,1.293884,9.251545,-8.877039,-1.080069,7.026596,-0.241593,9.228703,8.333378,-8.855465,6.349070,7.110594,-4.931203,-5.256139,-0.741170,1.045904,-6.285822,-3.796384,-9.415953,-6.134412,-1.611763,8.279573,7.084253,-7.964058,9.708242,-8.385817,-4.349475,8.163353,2.298023,8.708651,-2.435469,3.850011,0.002536,-3.183923,4.972972,8.922466,-6.157327,-5.268622,8.151169,-7.823949,-4.124086,4.500238,9.286644,0.944710,9.244101,-1.454526,-8.009386,-7.041722,4.749089,-7.425339,-3.176134,-6.862673,-9.145766,-6.091881,-4.826731,-9.437524
-4.477697,0.823793,8.725830,7.820326,-0.467556,-3.709640,1.670336,9.534981,3.106437,-3.356692,8.457447,6.949112,1.374685,6.608616,9.125160,7.250599,1.108854,8.411806,-1.804690,0.352954,-3.042721,0.185924,3.311232,-8.293631,2.760586,-9.864903,-5.156303,3.614819,-5.956784,0.016965,4.177295,-0.434483,-9.159241,2.903124,-2.614156,0.373203,9.193483,9.056179,-0.091816,2.299921,-4.300513,-1.634370,-0.750969,7.074173,-5.025754,-1.625807,4.324772,6.083099,-3.214001,-7.479918,-3.563947,3.743278,2.706005,9.747284,5.449648,-4.533410,9.882381,-9.706656,9.081409,-6.074404,0.310308,3.258704,3.491115,1.151068,-3.838172,-9.123041,-8.475728,-4.644688,9.933138,1.432456,7.655233,-4.367374,9.798086,-3.095735,-7.293201,-5.227669,5.278459,7.031572,-9.144569,-7.935543,9.551655,-2.708516,5.807734,2.257660,-2.961232,1.257382,7.724249,-3.078851,1.550727,6.805660,0.846745,-8.138965,0.064363,-5.662140,3.012104,6.226192,-4.785182,4.536376,-8.418496,-4.852043
-4.031168,9.236738,0.780582,-4.233083,-3.858998,3.487381,0.539249,-8.580540,0.518952,1.394680,-6.516083,0.070606,8.686163,9.291653,-7.671735,-4.275069,0.549035,-9.947486,2.646080,-7.900238,6.858173,-6.507175,-6.039202,-3.077463,-2.169316,6.972902,-6.851271,3.045503,1.509277,-5.269767,8.193459,7.478109,-6.033030,-1.025959,-6.754972,0.107973,-7.538578,3.784276,1.527432,2.980375,-4.821044,5.011350,-6.949019,-6.134881,4.303002,-4.620754,-0.409950,-5.147962,-4.568239,-7.763870,-3.048200,-7.710066,-4.271045,0.912599,-0.787529,3.559639,-2.114501,2.361200,-3.394858,9.394777,7.091433,-5.201399,6.872887,-8.941598,3.772641,-9.882086,1.166374,6.234064,3.902191,-7.306193,-0.785561,9.081146,7.705156,2.265420,-7.053735,2.008161,7.644667,2.536316,6.860197,-6.923573,4.772445,-6.188002,-4.633639,-9.498600,4.724597,4.578831,4.061040,-7.389903,-3.059969,-9.333818,-7.995126,-5.968536,-4.535218,8.877762,-4.910134,9.237425,8.995676,6.256239,5.471488,2.897865
8.950047,-5.314072,1.979012,6.655205,6.951349,4.925278,-1.336637,4.596015,-2.538407,-4.476438,7.672441,-7.765962,-0.664439,-6.961198,-7.264561,-5.939842,7.617634,6.796478,-3.329746,-5.442335,7.462660,-1.324872,-1.410872,-7.072557,-2.447110,3.678994,-7.835134,-3.451434,-0.064766,7.636354,9.446432,-1.114719,-7.677717,1.425444,-4.459515,9.273632,-3.649278,4.203849,3.869647,3.812314,9.727409,1.542088,6.046354,-0.937029,4.580890,8.781792,3.123129,2.198524,5.578271,9.793383,6.756189,3.040932,-1.531488,-4.654683,5.968374,6.021400,9.024311,8.133240,-7.430034,-1.040455,5.769595,-7.983603,7.844826,8.091879,3.441841,-6.614689,7.365511,9.792562,7.589159,1.235156,3.604878,7.316568,-7.222756,-0.348769,-3.620460,7.358133,-1.566977,9.502668,-0.443343,-5.988706,9.296051,-3.687155,7.052227,-2.235438,1.658162,3.020599,-6.214038,0.682473,1.153839,-3.644072,9.642017,-3.076566,-1.627674,7.486843,-4.984687,-8.185833,-9.127845,-7.619177,-8.393270,8.461315
3.615979,5.211609,5.777884,6.393223,-5.137160,-7.842576,3.751356,3.295864,-8.339908,-6.691986,7.307159,-9.043857,-0.379141,4.359384,-1.279295,-8.720979,-2.620017,2.506667,1.961494,8.533823,8.862595,1.603514,-4.542744,-2.765079,-0.909642,0.472569,-0.950912,-0.037487,2.853393,0.655819,-1.576172,-3.530629,-4.132572,-5.798288,-7.137406,0.730268,-3.640865,6.613949,-5.973868,-1.980773,9.921963,-8.666710,-1.024630,-0.457177,5.692674,7.696075,0.821844,-6.927343,0.202742,-7.216660,-8.393521,-0.934663,4.386853,-2.936265,6.300259,-6.522789,7.536304,-4.650653,3.439724,0.389696,6.005167,-8.136447,6.859066,-8.127405,-3.934736,9.721661,2.602862,2.424400,6.335609,6.628994,-9.556374,6.257574,7.962284,-0.581003,-4.199603,3.654958,-2.884928,6.622242,6.727615,7.317814,9.405582,8.334095,-3.616848,3.792435,-4.602171,-7.316590,7.269646,-7.065867,-1.967243,0.709371,3.323830,-5.962077,2.572924,0.182896,-4.089482,8.638187,-0.095444,8.513380,1.062588,-3.759833
5.142375,1.506214,-7.502259,3.104659,-9.074789,-1.701861,-3.240382,-1.959717,-5.079619,-6.512767,-4.641904,-5.674038,-8.178674,1.741247,8.118397,-2.780845,4.424658,5.388041,0.153289,-7.542585,-3.902587,-6.522883,-3.504662,8.670338,3.660012,2.405855,7.308525,-6.435431,0.919236,-1.628888,-0.195264,-3.938389,9.877325,2.302477,9.166271,-9.197464,-9.399384,-4.074111,-1.157181,-4.479004,-0.586879,4.200915,-0.153043,1.234447,-4.057837,-2.034646,8.453604,-9.633180,-6.646604,-1.393108,-7.175765,-0.549191,2.084008,-0.680427,-1.878854,-4.255978,-8.274571,-4.570330,-0.691409,2.644665,3.800782,9.113327,8.706276,3.678107,1.415804,7.872547,4.480644,2.016419,-6.201564,-6.676537,7.537415,3.211557,7.524378,-2.615628,-5.553995,-6.533459,5.349726,-7.100391,-6.166638,8.703121,1.506501,-3.342403,-1.846069,-6.409490,5.977169,6.275078,-0.665468,7.702599,-8.295253,8.643124,0.347263,5.505529,7.756451,-0.946461,-0.816362,-0.827746,-3.073913,-6.335718,-8.811327,0.724524
-3.012256,8.726088,-6.063920,-5.487877,-3.889541,-1.617914,-2.021337,-8.539815,1.281695,1.812025,-9.836693,-7.211804,8.469622,-1.682762,-3.621294,4.446792,-5.407685,5.713238,2.149390,-3.702938,4.356360,-7.503347,-8.197409,2.112810,1.550193,0.986229,-8.714935,8.476280,4.650511,-7.526263,-0.799197,-8.361745,-8.800176,3.136883,-3.849623,-2.689715,-8.481031,4.129042,-1.229530,2.800664,-4.058934,-1.066223,5.588861,-5.589312,7.251015,-8.032434,8.857479,-8.156671,7.680803,1.006869,-1.859609,2.037165,3.503523,-0.057016,-5.850025,-4.946284,-9.070787,-4.564960,-6.470005,5.579724,-2.091223,2.730799,7.217979,-0.891398,-4.132318,-6.631643,6.418886,-2.613349,7.497398,-4.810644,-9.812686,-6.561536,4.123133,5.776175,-2.150848,1.374147,7.743740,-3.293369,3.217477,5.424545,7.713501,-8.642132,-2.538291,1.217023,1.300851,1.611685,6.270739,2.230063,7.046724,9.800735,-2.190212,-5.044498,2.531532,-4.972233,4.064104,8.399214,-1.603876,0.482990,-4.214136,-4.106479
5.672346,-4.026821,-0.668015,-0.204521,-8.250647,7.181137,-8.830375,9.493093,-6.112231,4.387101,4.917639,-8.398730,5.744968,-7.620652,2.818293,-2.954180,3.991033,-0.910969,9.275885,1.037758,-1.110235,-2.914328,5.993260,-8.578703,2.113440,0.057364,9.820511,-9.490437,-9.459645,-4.393625,-3.596915,6.212700,1.579554,5.735071,-3.991821,3.328907,2.916208,-2.822195,2.822001,6.803978,-8.435094,-2.260360,8.405247,7.309875,0.118988,1.223539,-5.644304,-5.889980,-9.687429,-6.368420,5.147778,-0.797664,0.717254,1.141038,0.623632,-7.169307,-8.801599,0.444144,-6.659743,-8.261244,6.050520,-0.256659,7.951458,-2.369926,-4.521588,-6.040363,-9.041018,8.394621,1.137442,3.780983,5.198597,2.702347,-8.479378,3.603845,0.012222,1.639609,-5.172616,4.367918,5.749630,-4.860045,7.999498,0.897408,4.342290,-1.283248,-7.961555,-5.034077,1.547445,-6.763154,5.410069,4.887701,-5.024398,1.460588,-5.368957,-7.072940,9.090662,0.109454,-3.113304,-9.950357,-1.495925,8.024137
3.830626,-6.297328,0.726484,5.351248,7.306517,-9.261293,-3.009143,-7.866100,5.106626,-7.259513,-2.726146,3.106125,3.637894,-8.383856,-8.177124,5.676338,-3.417932,3.370321,8.913185,-8.007864,-1.741978,-6.111213,3.452724,2.889066,-3.184154,2.543385,-7.001480,3.702543,2.593029,1.502595,1.726680,-3.576346,5.205267,-7.546836,-8.225099,2.511783,-6.808129,-1.234241,4.645681,8.298496,1.506245,-8.080464,1.404620,-4.855861,-6.464319,3.227496,-9.179523,0.117748,-3.402183,9.733662,2.109884,4.855841,-6.377551,-4.437392,-2.255095,0.438295,8.105993,0.743425,-5.859162,0.699022,-7.753980,5.867518,7.122677,7.451286,8.320683,8.897577,-0.036931,-8.487447,-2.336664,-5.391249,9.811050,9.169580,-3.471713,1.215670,-5.686280,0.063968,-5.556834,-4.865803,-9.818285,1.040983,-5.132141,2.291599,-4.103177,-1.509692,7.854208,3.641728,8.928602,5.960202,-5.614846,-6.930558,-3.340776,-3.368826,8.936960,-6.218100,-5.917540,7.257641,-7.320522,4.045529,8.770195,0.342815
8.654280,8.581245,-0.487604,-4.817433,-0.203086,3.826117,5.246533,4.240080,8.960312,5.428248,-4.718937,-6.171828,-2.280151,1.177887,2.318480,-4.425943,-5.180385,1.247083,-8.465741,-0.795231,4.316525,-1.806518,5.835943,3.253484,1.975383,9.918404,0.511126,4.654860,3.963933,-0.718678,-5.002324,2.618213,-2.137434,4.510071,7.800777,7.659481,-1.663813,3.047313,1.899561,-2.703499,-1.524439,7.180624,1.124673,6.195410,-1.641489,-6.556848,-8.230533,3.178125,4.690236,-6.696274,-7.617105,-0.993240,1.497208,8.218838,-7.739756,-6.527410,8.137241,2.771369,8.127453,2.101173,-7.947309,-6.874873,-5.280614,-0.084743,7.635199,-7.479836,-2.425263,-4.028614,5.567476,9.474298,3.267888,-5.956962,6.654922,-5.607440,-9.761552,-4.986567,-2.164287,-7.992085,8.191559,-7.474051,-4.688359,-9.425546,1.532708,6.808849,8.793293,3.792953,-9.718560,6.930534,-3.435678,8.408892,-0.968292,-1.382988,-8.465981,3.751095,8.532269,9.169218,6.271259,-3.892994,-4.859395,1.838736
-4.418697,8.408493,5.881773,-7.763775,-7.198947,6.120222,-2.750341,0.636765,8.128138,-4.558783,3.162713,-6.560221,-3.984328,-5.304579,-9.751372,-5.191036,8.488373,-9.469933,-8.260502,-4.947305,8.938959,0.771207,3.669708,-9.527021,-5.477699,2.201977,9.642197,-9.206441,8.308981,-5.217198,2.632295,-6.109715,-6.808706,-1.485931,-3.873489,-4.007654,-5.365709,3.376169,6.629112,-7.237572,8.817387,-0.208176,-3.797793,-5.166941,4.487247,-3.549165,-0.357977,2.975620,-3.019097,1.381522,8.028315,-4.080138,-7.847271,1.698022,-3.607159,-3.324971,-6.100001,-3.964962,-2.531411,-7.791019,0.817839,-9.899117,-3.900733,4.009132,-1.385048,2.225777,-9.998521,3.249244,-4.398053,6.630590,6.011673,-5.580666,-3.577584,-7.786120,-0.747607,-9.090338,-1.335286,8.894417,3.885283,5.645617,0.275938,1.913597,-8.434521,2.428667,-6.388380,-2.041680,9.103697,-2.488382,3.993358,-3.427714,-0.279401,-5.188804,-3.326830,5.819865,8.820328,5.288123,-1.954357,8.821808,-1.462633,3.647590
5.452398,-5.450962,8.066923,-8.125186,-3.237082,-2.680684,-7.215523,5.427632,-3.786268,6.669760,1.073250,6.489672,-1.416643,2.638729,-1.081661,2.194977,-9.402952,-1.977964,9.706594,4.590405,4.594322,-0.572806,9.401602,-8.732508,-4.752941,8.221930,6.555614,3.292702,7.043737,-4.907019,-3.059709,2.496137,-0.357981,-4.992786,4.370951,6.404938,2.326529,7.155428,1.832570,8.540262,3.825187,-7.094181,5.029934,-7.591456,5.544547,-6.051728,4.603519,6.141594,1.970308,4.310114,0.732000,-3.435370,-6.262692,0.133600,-2.167879,-1.015633,-1.644469,-5.612264,-7.722931,-4.600732,-0.519283,-0.782640,7.895405,9.122736,4.224573,2.266356,5.527673,-3.448897,-0.578217,-2.639757,-4.908636,-6.753030,0.266062,-9.878702,-4.344487,-4.189392,-5.930431,-9.740968,-8.047796,6.039877,4.569147,2.684203,-7.395494,8.306456,-7.182196,0.436628,-2.709178,1.173334,4.824364,-0.432109,6.572603,-5.694920,8.785250,4.468007,-6.572184,3.009823,-3.265637,8.955490,9.560925,6.156145
-3.684268,-5.347711,9.403116,6.581795,-5.226413,-4.941371,-7.607598,-1.156844,-4.682339,-5.655395,-5.116967,9.886808,7.028809,-2.512461,8.193264,9.846613,7.924168,-4.515914,1.019947,2.748531,5.051976,-2.407450,7.053612,3.837227,-7.939443,-9.518573,-3.152951,-1.205080,9.436916,-3.592026,-5.048934,-4.247351,1.060265,-5.645818,-7.665557,5.833851,-0.587190,-5.273154,-5.322993,4.730472,-0.928549,-0.439960,4.617280,-3.899740,7.047579,2.810544,-4.053128,4.971745,8.294630,6.966820,-2.279724,3.346606,-5.440631,-5.226112,-2.816167,-3.380074,-4.744685,4.030882,5.414847,-5.307768,-9.561144,-9.634087,0.444880,1.499120,-5.279905,2.779324,-2.667030,4.132905,7.506170,2.009975,-1.136623,-3.422379,-8.429984,-6.519343,2.677880,8.617594,6.291201,8.624754,3.589340,4.585830,5.591573,-8.690384,-2.067564,-9.849058,-3.916497,5.116268,-3.229132,1.338818,-0.852850,-7.814284,6.031050,-0.413994,-7.448372,-3.524069,-8.914875,-2.728277,9.255255,-1.581905,-8.595371,6.761425
-9.571928,0.268005,-6.660953,-8.001912,3.748663,6.016928,-9.384317,0.039864,4.641682,4.205022,-5.374307,0.233254,5.514639,2.558130,0.384196,-8.401858,-2.325602,7.155064,2.936960,6.821548,9.340780,-1.031990,-3.592445,-8.107592,5.443941,-2.507320,-0.835868,4.699197,5.910776,0.568760,1.460623,6.338848,-9.163235,4.799670,8.336935,4.585427,0.816598,8.952618,-5.374709,-4.541721,3.157640,-0.749017,5.691533,-1.327723,-8.190886,-3.924270,0.270419,-0.516488,-6.769205,-6.792621,-3.694940,-7.428425,2.175389,2.712614,-5.536017,-2.380669,-9.794705,3.628115,-7.681472,6.116070,-5.803125,3.779152,2.454918,-4.966360,-1.421179,0.791853,9.619066,9.395418,-0.255529,-5.755642,-5.146302,-7.097891,3.495341,-9.454769,1.574387,5.304455,-3.379039,-8.155193,-5.212033,-0.148245,-4.947814,1.093027,2.423330,7.227575,-6.194358,6.887314,-5.153093,-5.989062,0.515429,-2.834565,-9.872992,4.712303,-9.055414,2.581925,9.745943,-0.476593,-6.626222,9.365009,-1.081175,3.118248
-6.390632,3.772524,6.020357,7.104710,4.317755,-2.405255,2.409164,-9.061285,-0.560449,7.197132,0.790471,4.491737,-1.709841,-6.786199,1.719313,2.095802,-9.898886,6.566221,6.106739,0.616543,-6.268345,6.233747,-4.671154,-5.323759,-1.184328,-4.925211,4.199648,2.189451,-5.560201,-6.881526,-4.692301,-1.950833,6.890997,-8.671943,-4.846124,1.208752,-1.077198,7.563040,2.147466,8.362352,4.760172,-7.062063,2.854091,-6.949669,-3.848261,-5.426597,5.146132,-3.747147,-8.860376,1.252871,6.869396,-5.128721,-2.513382,-7.801758,-0.452479,6.302290,-2.726969,-6.252831,-1.508259,1.712830,-3.134358,3.799440,9.761997,-6.243361,5.127499,-5.084128,4.965390,-5.949699,-7.521087,-2.887144,-7.587346,7.239084,0.050794,5.266745,-9.710585,6.202532,9.840149,5.435548,-7.544615,-9.020227,-3.311581,9.324781,-4.148949,4.175037,-8.476976,5.398571,0.477327,-1.203945,9.145741,8.969069,-9.491116,-3.988618,2.768509,-9.729119,-0.231979,-2.103992,-4.813247,-5.266590,1.946310,-2.334335
1.846266,4.358964,-5.095250,-8.102941,-0.374291,-4.805834,8.099592,-0.534142,-9.370286,-9.445023,0.445629,-2.681867,9.879759,6.296680,-8.506830,-8.597218,1.695252,1.970497,0.198837,0.840993,0.939566,0.707722,6.852375,-6.291924,0.978602,-3.379605,1.604085,6.165354,1.353806,-6.449606,-6.168980,-6.799929,7.909357,-1.264230,-4.902869,-2.464934,3.929935,-6.803277,7.000923,4.559649,-6.248300,-2.553448,-8.122217,-6.368541,-6.256767,-6.629047,-4.965758,5.438485,5.341450,5.233080,-3.720522,-3.718984,-4.059198,-6.868148,-0.010908,6.919405,-0.247753,-8.406823,3.084759,-8.893948,-4.856430,6.915779,-5.693876,-6.947072,-4.348452,-0.596745,0.587994,9.581486,2.599977,-2.411084,4.141134,6.351677,5.035468,6.018917,9.983137,8.778702,9.389870,-4.982620,4.217187,4.731320,-9.749540,-9.503334,-8.987664,-3.808739,-6.371482,1.001429,-6.889334,3.380766,2.594604,6.195425,4.486817,7.738174,3.111202,8.792942,-9.208897,8.762753,-1.803804,1.379097,8.344236,-9.203827
8.968014,2.485371,7.147850,4.003482,-1.495713,7.130987,2.782184,-2.105844,-7.851633,-3.000628,-7.374524,-7.601173,-2.503963,-6.362187,-1.409911,1.124556,4.639240,1.700754,-5.494679,-2.766154,-2.103822,8.992140,-5.027979,-8.992619,7.785080,-4.236876,9.770134,-4.018724,7.142221,8.114368,-3.222552,6.110233,0.599739,-6.074701,0.113716,9.104027,-8.943714,-7.104099,-3.001816,-6.795346,-0.104728,-0.376340,-4.396520,7.391310,3.261472,4.193568,-1.484135,-2.099288,-4.105678,3.021187,5.134558,3.790502,2.013326,-9.893421,4.797883,-0.201595,-4.130297,4.568015,5.779680,-6.988077,2.682385,-7.442871,9.122158,-6.717875,-3.517573,-0.764126,-7.613849,-2.461286,2.131775,-0.615664,0.743366,-7.972952,9.007996,6.346848,9.418358,2.269467,0.540417,-2.065777,-9.829820,6.434738,-9.044590,5.304738,0.225240,2.968735,5.411318,-4.976878,-7.232861,-8.718981,9.591139,8.546820,-5.707057,2.273522,-8.896051,-6.584899,5.555648,-2.413624,2.650975,7.941799,5.125090,-5.217250
-2.673865,-4.131543,-3.190202,-3.665871,-7.784696,-3.771844,8.603596,2.755720,4.162378,8.773777,-0.809542,5.117788,4.078514,9.415699,-1.913477,-0.510168,-5.561179,0.853662,0.770851,-5.970041,-0.599518,5.063795,6.303482,0.504432,8.478895,1.859130,8.090807,1.129870,-0.199072,3.215897,5.912621,7.127062,9.084354,-7.277581,-6.538808,-8.700342,-1.049425,-7.935212,4.055377,-6.887048,-9.161435,-6.754164,8.230742,4.917080,-7.338465,-3.682737,-5.593088,-2.899644,7.170925,5.177764,1.130315,-3.428592,0.241557,-2.566204,7.075840,-1.279547,9.292925,5.166646,9.850325,-0.906146,-1.617457,5.762945,-3.779083,-2.533104,8.485363,-0.317892,-1.233446,-2.564062,1.746897,-7.178068,0.548891,2.585461,-3.932232,-1.220368,-2.497459,-1.270697,5.096894,1.909452,5.829659,2.267819,-2.912784,-3.040026,8.839228,7.328773,4.393770,5.915066,-3.950772,3.686696,1.081713,-4.100449,-7.219449,9.464256,-8.337503,-0.998533,-3.068848,-9.852139,8.683575,5.697706,-2.416201,0.430470
8.519638,8.132689,-6.984067,-5.412595,-3.087680,0.518474,3.316709,-7.990786,-7.572073,-0.853632,4.277034,-0.484857,6.106342,3.116261,-3.156083,0.500113,-0.968673,2.893144,-5.813190,-9.886961,8.792696,-3.032640,9.577295,-9.544807,5.968827,-3.491554,-9.396947,4.652403,-7.793848,-1.813148,-4.917126,-9.274212,-3.680459,-1.901195,-4.686806,3.231861,8.617279,8.629902,5.241076,-8.954794,-2.223730,-0.481890,0.560349,-6.117388,-7.365629,7.404266,4.382725,1.665698,0.297409,8.569534,1.778737,-0.909894,-4.463105,1.356033,-0.454701,-8.494277,7.864479,0.148353,6.158125,-9.929370,8.335205,-8.759001,-9.203581,-5.345254,-0.660195,-3.890388,7.886608,-2.042916,-5.260486,3.127684,-0.997710,2.515784,-7.354206,9.562637,6.398396,-4.719835,6.966904,0.781122,6.945862,-2.735686,-0.649343,-1.275398,6.354420,4.887552,-9.919366,-4.100282,6.393276,7.945112,6.048069,2.551402,8.015743,4.383273,3.792400,8.812162,9.038019,-6.867795,-5.078226,6.924627,1.089289,-0.338711
0.052310,-9.908422,-7.822927,2.698105,9.654217,8.575470,7.978270,6.621120,-0.643408,4.924133,-6.114565,8.707249,-6.351266,-9.760146,3.594801,-6.270632,-3.860428,-0.011922,-8.325520,-7.812359,-7.460521,9.690224,6.570915,6.331881,8.502384,5.608934,9.464085,-6.575841,2.533561,0.553374,3.085447,-7.414129,0.644953,5.262522,5.283976,0.299170,3.837992,3.262244,-3.079709,-6.805416,-1.813622,0.805726,-8.098167,1.835112,1.045580,5.496635,5.564480,7.185152,-4.515287,7.238960,9.372791,-1.975808,6.929184,5.943707,-5.643929,5.431567,1.552641,-6.179844,8.855726,-5.913798,4.373530,1.941175,-3.327927,-4.981517,-2.796305,-8.043951,5.317652,-8.958314,5.218294,-7.762056,-5.763730,-6.595328,3.043670,-3.861897,5.239783,-5.910751,-8.365262,0.804263,-8.725599,-2.880549,-1.956778,-9.352808,5.143642,-5.027595,6.590899,9.499714,-9.596027,-1.856460,-6.680130,9.259699,2.229742,7.693401,1.200871,8.901815,-7.288117,8.404568,-9.142136,8.029535,9.446255,6.076159
